slug,title,year,closure_level
10-things-i-hate-about-you-1999,10 Things I Hate About You,1999,-1.309397078352394
101-dalmatians-1996,101 Dalmatians,1996,0.9829297368066674
12-strong-2018,12 Strong,2018,1.7209664336277002
12-years-a-slave-2013,12 Years A Slave,2013,1.4407859497243123
127-hours-2010,127 Hours,2010,1.2785822057722864
1408-2007,1408,2007,0.39320266580561947
16-blocks-2006,16 Blocks,2006,0.8473328183967251
1917-2019,1917,2019,0.6179688740744192
2-fast-2-furious-2003,2 Fast 2 Furious,2003,0.3462318850887164
2010-the-year-we-make-contact-1984,2010 The Year We Make Contact,1984,2.0727631406619595
20th-century-women-2016,20Th Century Women,2016,-0.3037245029561314
21-jump-street-2012,21 Jump Street,2012,0.8617971593388544
213-2009,213,2009,0.07991066661565968
22-july-2018,22 July,2018,0.9370881269549329
22-jump-street-2014,22 Jump Street,2014,0.8059940544934867
28-days-later-2002,28 Days Later,2002,0.08541887853666891
28-weeks-later-2007,28 Weeks Later,2007,0.4270654883997219
300-2006,300,2006,1.3147814525639463
48-hrs-1982,48 Hrs,1982,-0.024594230391958016
5-to-7-2014,5 To 7,2014,0.40809562400566585
500-days-of-summer-2009,500 Days Of Summer,2009,1.2612903471934267
8-bit-christmas-2021,8 Bit Christmas,2021,0.9563468525152594
8-mile-2002,8 Mile,2002,1.5911519522068456
a-beautiful-day-in-the-neighborhood-2019,A Beautiful Day In The Neighborhood,2019,1.093459140459847
a-beautiful-mind-2001,A Beautiful Mind,2001,1.7067669454219465
a-christmas-story-1983,A Christmas Story,1983,0.19879272657448774
a-complete-unknown-2024,A Complete Unknown,2024,1.1243572816363572
a-fantastic-woman-2017,A Fantastic Woman,2017,0.4551187933603456
a-few-good-men-1992,A Few Good Men,1992,-0.6671536492832717
a-good-person-2023,A Good Person,2023,1.8740763322174083
a-haunting-in-venice-2023,A Haunting In Venice,2023,0.4786493576949836
a-hero-2021,A Hero,2021,0.9375828327657807
a-hidden-life-2019,A Hidden Life,2019,0.7390761676535829
a-history-of-violence-2005,A History Of Violence,2005,0.037844455641736274
a-knights-tale-2001,A Knights Tale,2001,-0.8974812252654895
a-league-of-their-own-1992,A League Of Their Own,1992,2.1400147887105136
a-man-called-otto-2022,A Man Called Otto,2022,1.0419792280986049
a-million-miles-away-2023,A Million Miles Away,2023,0.23266200321487063
a-monster-calls-2016,A Monster Calls,2016,1.7985700716612605
a-most-violent-year-2014,A Most Violent Year,2014,-0.23628286316836236
a-nightmare-on-elm-street-1984,A Nightmare On Elm Street,1984,1.3829927970208178
a-nightmare-on-elm-street-3-dream-warriors-1987,A Nightmare On Elm Street 3 Dream Warriors,1987,1.4597762730424373
a-nightmare-on-elm-street-the-dream-child-1989,A Nightmare On Elm Street The Dream Child,1989,0.8168476972524005
a-real-pain-2024,A Real Pain,2024,-0.23359804349907026
a-separation-2011,A Separation,2011,0.4939574248113351
a-serious-man-2009,A Serious Man,2009,0.31311760099125235
a-simple-favor-2018,A Simple Favor,2018,1.0931185351921073
a-simple-plan-1998,A Simple Plan,1998,-1.1360750573659248
a-soldiers-story-1984,A Soldiers Story,1984,-0.11632315178680008
a-star-is-born-2018,A Star Is Born,2018,0.5932525808028144
a-thin-line-between-love-and-hate-1996,A Thin Line Between Love And Hate,1996,-1.5511642451770804
a-time-to-kill-1996,A Time To Kill,1996,-0.310236584753755
a-view-to-a-kill-1985,A View To A Kill,1985,1.7940589146611798
about-alex-2014,About Alex,2014,1.774946583589898
abraham-lincoln-vampire-hunter-2012,Abraham Lincoln Vampire Hunter,2012,1.1231833410918595
ace-ventura-pet-detective-1994,Ace Ventura Pet Detective,1994,1.4419432291196415
action-jackson-1988,Action Jackson,1988,1.2349920200340399
ad-astra-2019,Ad Astra,2019,1.232718712424318
adaptation-2002,Adaptation,2002,0.9704973101392302
addams-family-values-1993,Addams Family Values,1993,1.4407480311444982
after-the-hunt-2025,After The Hunt,2025,1.5640386902453258
after-the-wedding-2019,After The Wedding,2019,1.0717235682886281
aftersun-2022,Aftersun,2022,1.6153849336995272
air-2023,Air,2023,0.4987739061367244
air-force-one-1997,Air Force One,1997,-0.42107428685222265
airplane-1980,Airplane,1980,-0.35409111484309486
airplane-ii-the-sequel-1982,Airplane Ii The Sequel,1982,0.7093991426212677
aladdin-1992,Aladdin,1992,1.2237405654521722
alex-cross-2012,Alex Cross,2012,0.31998773785645995
ali-2001,Ali,2001,0.9726525097504273
alien-3-1992,Alien 3,1992,0.10711311208543975
alien-covenant-2017,Alien Covenant,2017,0.22011383982614857
alien-resurrection-1997,Alien Resurrection,1997,1.602399962916176
aliens-1985,Aliens,1985,1.8029690954662994
aliens-vs-predator-requiem-2007,Aliens Vs Predator Requiem,2007,0.7160314385812134
aligarh-2016,Aligarh,2016,0.02446736093218589
all-is-true-2018,All Is True,2018,0.8563410285513857
all-of-us-strangers-2023,All Of Us Strangers,2023,-0.6733396438348778
all-quiet-on-the-western-front-2022,All Quiet On The Western Front,2022,1.0945706678001008
all-the-boys-love-mandy-lane-2006,All The Boys Love Mandy Lane,2006,-0.4768822709140833
all-the-money-in-the-world-2017,All The Money In The World,2017,2.159043800910606
all-the-old-knives-2022,All The Old Knives,2022,0.6973340959075216
almost-famous-2000,Almost Famous,2000,-0.8333614990897293
altered-states-1980,Altered States,1980,0.6918371468302629
amadeus-1984,Amadeus,1984,-0.6185165179456211
ambulance-2022,Ambulance,2022,-0.9358889490422102
amelie-2001,Amelie,2001,1.5669462512765482
american-animals-2018,American Animals,2018,1.6321579431335542
american-beauty-1999,American Beauty,1999,1.5658488444266254
american-fiction-2023,American Fiction,2023,-0.5114582758476456
american-hustle-2013,American Hustle,2013,-0.7216836724890326
american-pie-1999,American Pie,1999,2.2073507413909548
american-psycho-2000,American Psycho,2000,-1.9776165629770577
american-sniper-2014,American Sniper,2014,0.9067933523623748
american-ultra-2015,American Ultra,2015,0.10782373708599895
amistad-1997,Amistad,1997,0.19335282232508677
amour-2012,Amour,2012,-1.0854185625262935
amsterdam-2022,Amsterdam,2022,0.03319034258383561
an-american-werewolf-in-london-1981,An American Werewolf In London,1981,0.6154641645923584
anaconda-1997,Anaconda,1997,1.1824720284229
analyze-that-2002,Analyze That,2002,-0.08438444082512911
analyze-this-1999,Analyze This,1999,1.715474089901728
anastasia-1997,Anastasia,1997,0.35936060058278596
anchorman-the-legend-of-ron-burgundy-2004,Anchorman The Legend Of Ron Burgundy,2004,0.6069012774831068
angel-eyes-2001,Angel Eyes,2001,0.6951882795587726
anger-management-2003,Anger Management,2003,0.5229251912043366
animal-kingdom-2010,Animal Kingdom,2010,2.157174775590615
annabelle-2014,Annabelle,2014,0.01781093704018476
annette-2021,Annette,2021,0.38024486657442247
annihilation-2018,Annihilation,2018,1.5200576185347172
anora-2024,Anora,2024,-0.4932564159977162
another-48-hrs-1990,Another 48 Hrs,1990,1.2311440361654478
another-year-2010,Another Year,2010,-0.029918264735075056
antebellum-2020,Antebellum,2020,0.5420025857078312
anthropoid-2016,Anthropoid,2016,-0.7357551756566272
any-given-sunday-1999,Any Given Sunday,1999,2.433666665751337
argentina-1985-2022,Argentina 1985,2022,0.8832994301947767
argo-2012,Argo,2012,1.1706155221607843
armageddon-1998,Armageddon,1998,1.4028501915783806
armageddon-time-2022,Armageddon Time,2022,0.6230118051702559
armed-and-dangerous-1986,Armed And Dangerous,1986,2.023011857788526
army-of-darkness-1992,Army Of Darkness,1992,0.6372251063092439
arrival-2016,Arrival,2016,1.5940013822344188
as-good-as-it-gets-1997,As Good As It Gets,1997,1.0302996240015698
ask-the-dust-2006,Ask The Dust,2006,-0.16965022068183636
assassination-nation-2018,Assassination Nation,2018,0.4984625541805914
assault-on-precinct-13-2005,Assault On Precinct 13,2005,1.255725249436144
asteroid-city-2023,Asteroid City,2023,-0.8239290216746021
atomic-blonde-2017,Atomic Blonde,2017,0.6652550897352123
attack-the-block-2011,Attack The Block,2011,1.2369141095091742
august-osage-county-2013,August Osage County,2013,-0.54572339397217
avatar-2009,Avatar,2009,-0.34589964377112803
avengers-endgame-2019,Avengers Endgame,2019,1.7437908729481821
avp-alien-vs-predator-2004,Avp Alien Vs Predator,2004,0.4502394164015127
baby-boy-2001,Baby Boy,2001,1.3717584318932359
baby-driver-2017,Baby Driver,2017,-0.2700550387346506
babylon-2022,Babylon,2022,1.7850369713493026
back-to-the-future-1985,Back To The Future,1985,1.1416729841416002
bad-boys-1995,Bad Boys,1995,1.7637945946020186
bad-boys-for-life-2020,Bad Boys For Life,2020,2.0658300073436737
bad-lieutenant-1992,Bad Lieutenant,1992,-0.2290419886003509
bad-moms-2016,Bad Moms,2016,1.0561809920814447
bad-moon-1996,Bad Moon,1996,-0.2918246201522148
bad-santa-2003,Bad Santa,2003,1.3536642521943811
bad-teacher-2011,Bad Teacher,2011,0.9767054995175296
bad-times-at-the-el-royale-2018,Bad Times At The El Royale,2018,1.8997138987520303
barb-and-star-go-to-vista-del-mar-2021,Barb And Star Go To Vista Del Mar,2021,0.6490754588274757
barbarian-2022,Barbarian,2022,0.5890018818791786
barbershop-2002,Barbershop,2002,1.2422022308432876
barbie-2023,Barbie,2023,1.4330669681924193
barton-fink-1991,Barton Fink,1991,0.03905193264243886
basic-instinct-1992,Basic Instinct,1992,-0.33980237858339174
basic-instinct-2-2006,Basic Instinct 2,2006,0.6887749683287355
basket-case-1982,Basket Case,1982,-0.22860789991207486
batman-1989,Batman,1989,0.6571054283207076
batman-begins-2005,Batman Begins,2005,0.8989979196460236
batman-forever-1995,Batman Forever,1995,-0.16262537429685237
batman-mask-of-the-phantasm-1993,Batman Mask Of The Phantasm,1993,0.3475180985476246
batman-returns-1992,Batman Returns,1992,-0.026822165137744575
batman-robin-1997,Batman Robin,1997,-0.8452107807518706
battle-of-the-sexes-2017,Battle Of The Sexes,2017,0.2542482951600941
battlefield-earth-2000,Battlefield Earth,2000,0.28142059868667435
baywatch-2017,Baywatch,2017,1.0415022389763957
bean-1997,Bean,1997,0.03174212695879211
beau-is-afraid-2023,Beau Is Afraid,2023,-0.028888137857298213
beautiful-boy-2018,Beautiful Boy,2018,1.2470975754712954
beauty-and-the-beast-2017,Beauty And The Beast,2017,0.7242036333893229
beetlejuice-1988,Beetlejuice,1988,1.1222760292368772
before-midnight-2013,Before Midnight,2013,-0.9799864409499371
before-sunrise-1995,Before Sunrise,1995,-0.942409732589755
beginners-2010,Beginners,2010,-0.01946201857910619
being-john-malkovich-1999,Being John Malkovich,1999,0.22387386671121323
being-the-ricardos-2021,Being The Ricardos,2021,2.110915186622528
belfast-2021,Belfast,2021,1.31836103657634
belle-2013,Belle,2013,0.24693240590927712
better-man-2024,Better Man,2024,1.6179778215677854
beverly-hills-cop-1984,Beverly Hills Cop,1984,2.2088434849757617
big-1988,Big,1988,0.37810041013263473
big-fish-2003,Big Fish,2003,1.1905562154267104
big-time-adolescence-2020,Big Time Adolescence,2020,0.3267190423221862
big-trouble-in-little-china-1986,Big Trouble In Little China,1986,0.2769123161914664
bill-and-ted-face-the-music-2020,Bill And Ted Face The Music,2020,0.9787218218301464
bill-and-teds-bogus-journey-1991,Bill And Teds Bogus Journey,1991,0.8134487569661826
bill-and-teds-excellent-adventure-1989,Bill And Teds Excellent Adventure,1989,1.3854491618528135
bird-box-2018,Bird Box,2018,1.792510953409846
birdman-or-the-unexpected-virtue-of-ignorance-2014,Birdman Or The Unexpected Virtue Of Ignorance,2014,1.178930822985198
black-bag-2025,Black Bag,2025,-0.7833044027228598
black-panther-2018,Black Panther,2018,1.3262335595691548
black-panther-wakanda-forever-2022,Black Panther Wakanda Forever,2022,1.0512609074768244
black-swan-2010,Black Swan,2010,-1.2643850139802257
blackberry-2023,Blackberry,2023,-0.03389141262094256
blackkklansman-2018,Blackkklansman,2018,-0.5497072007536941
blade-1998,Blade,1998,1.1159302025997617
blade-runner-1982,Blade Runner,1982,1.2310285501492961
blade-runner-2049-2017,Blade Runner 2049,2017,0.8056453162883892
blades-of-glory-2007,Blades Of Glory,2007,1.3590163666365418
blankman-1994,Blankman,1994,1.2103532436389932
blindspotting-2018,Blindspotting,2018,-0.5587995884159054
blink-twice-2024,Blink Twice,2024,0.6745949451297351
blitz-2024,Blitz,2024,0.748349806255588
blonde-2022,Blonde,2022,-0.09984468302902794
blood-diamond-2006,Blood Diamond,2006,1.6463597517696158
bloodshot-2020,Bloodshot,2020,0.6676314272496069
blue-jasmine-2013,Blue Jasmine,2013,0.23727979923874515
blue-moon-2025,Blue Moon,2025,0.25930124073538613
blue-ruin-2014,Blue Ruin,2014,0.8113153137835102
blue-valentine-2010,Blue Valentine,2010,1.2677488758021016
blue-velvet-1986,Blue Velvet,1986,0.9885218313679467
body-heat-1981,Body Heat,1981,0.5676042077066202
bohemian-rhapsody-2018,Bohemian Rhapsody,2018,1.4355522984286195
bones-and-all-2022,Bones And All,2022,-0.4723992321163888
boogie-nights-1997,Boogie Nights,1997,-0.9399936568684616
booksmart-2019,Booksmart,2019,-0.1938410043449456
bookworm-2024,Bookworm,2024,1.8898075076716094
boomerang-1992,Boomerang,1992,-0.6760499160365856
booty-call-1997,Booty Call,1997,0.4146706353328904
borat-subsequent-moviefilm-2020,Borat Subsequent Moviefilm,2020,-0.555629276759812
born-on-the-fourth-of-july-1989,Born On The Fourth Of July,1989,0.887778403052121
bottoms-2023,Bottoms,2023,1.8056024470046412
bound-1996,Bound,1996,0.6947358286265587
bowfinger-1999,Bowfinger,1999,0.8315514958276359
boy-erased-2018,Boy Erased,2018,0.6773912473197635
boyhood-2014,Boyhood,2014,0.008685977991951394
boyz-n-the-hood-1991,Boyz N The Hood,1991,-0.8897681724553776
brads-status-2017,Brads Status,2017,0.763693649102485
bram-stokers-dracula-1992,Bram Stokers Dracula,1992,-0.28716809973044627
braveheart-1995,Braveheart,1995,0.8540582360671606
breach-2007,Breach,2007,-0.9091653911743612
breathe-2017,Breathe,2017,0.6503650630873825
brick-2005,Brick,2005,0.5739277883744687
bride-of-chucky-1998,Bride Of Chucky,1998,1.6780584795150049
bridesmaids-2011,Bridesmaids,2011,1.071678800773542
bridge-of-spies-2015,Bridge Of Spies,2015,2.083565266885876
bridget-joness-baby-2016,Bridget Joness Baby,2016,-0.005311647804356473
bridget-joness-diary-2001,Bridget Joness Diary,2001,0.814830031874762
bright-2017,Bright,2017,-0.007509060601597672
brightburn-2019,Brightburn,2019,0.6402323281333967
broadcast-news-1987,Broadcast News,1987,0.1597929499241919
brokeback-mountain-2005,Brokeback Mountain,2005,0.6818857916174244
broken-arrow-1996,Broken Arrow,1996,1.974684661036532
brooklyn-2015,Brooklyn,2015,-0.06531146925675133
buffy-the-vampire-slayer-1992,Buffy The Vampire Slayer,1992,-0.006708296257631252
bugonia-2025,Bugonia,2025,0.03544148676722861
buried-2010,Buried,2010,1.4530467974733963
burn-after-reading-2008,Burn After Reading,2008,-0.8921614937652173
burnt-2015,Burnt,2015,0.6397313454864957
caddyshack-1980,Caddyshack,1980,0.015353738984159732
call-me-by-your-name-2017,Call Me By Your Name,2017,-0.4841429772078162
can-you-ever-forgive-me-2018,Can You Ever Forgive Me,2018,0.15020898394775445
candyman-1992,Candyman,1992,0.6240178425208137
candyman-2021,Candyman,2021,0.35032519088575176
capernaum-2018,Capernaum,2018,-0.805796070943428
capote-2005,Capote,2005,-0.38669938349876376
captain-america-the-first-avenger-2011,Captain America The First Avenger,2011,0.9026508080964623
captain-fantastic-2016,Captain Fantastic,2016,1.249062537699383
carlitos-way-1993,Carlitos Way,1993,0.148665283632972
carnage-2011,Carnage,2011,0.04691600395717577
carol-2015,Carol,2015,1.0135293706843784
casino-1995,Casino,1995,0.00772827652591046
casino-royale-2006,Casino Royale,2006,0.2474952008728652
casper-1995,Casper,1995,0.09225474513674248
cassandro-2023,Cassandro,2023,0.675134537189102
cast-away-2000,Cast Away,2000,1.2999342424858797
catch-me-if-you-can-2002,Catch Me If You Can,2002,-1.1602221404689619
catherine-called-birdy-2022,Catherine Called Birdy,2022,1.7158175301779472
cb4-1993,Cb4,1993,-0.19418377886738203
challengers-2024,Challengers,2024,1.156109171324992
chaplin-1992,Chaplin,1992,1.2294453844192355
chariots-of-fire-1981,Chariots Of Fire,1981,0.925321648636589
charlie-and-the-chocolate-factory-2005,Charlie And The Chocolate Factory,2005,-0.7193867939989083
charlie-bartlett-2007,Charlie Bartlett,2007,0.9162867061694837
charlie-wilsons-war-2007,Charlie Wilsons War,2007,-0.5867930417019326
chasing-amy-1997,Chasing Amy,1997,2.5778784772406693
chef-2015,Chef,2015,0.2560867173597463
cherry-2021,Cherry,2021,1.2815274010482007
children-of-men-2006,Children Of Men,2006,0.08000814197875047
children-of-the-corn-1984,Children Of The Corn,1984,0.8136041278742416
childs-play-1988,Childs Play,1988,-0.023376722714333775
christine-1983,Christine,1983,1.580367821557798
christy-2025,Christy,2025,-0.41551082409065104
chronicle-2012,Chronicle,2012,1.4843927129405874
cinderella-man-2005,Cinderella Man,2005,1.4012147004316062
clear-and-present-danger-1994,Clear And Present Danger,1994,-1.64637122821413
clerks-1994,Clerks,1994,-0.9041909936230135
clerks-ii-2006,Clerks Ii,2006,1.747655619842787
clockers-1995,Clockers,1995,0.6288733436761658
cloud-atlas-2012,Cloud Atlas,2012,1.1254317733655315
cloverfield-2008,Cloverfield,2008,-0.6704541778099701
clue-1985,Clue,1985,0.7303516180344343
cmon-cmon-2021,Cmon Cmon,2021,0.29739022983372493
coco-2017,Coco,2017,1.8434622331353228
cocoon-1985,Cocoon,1985,1.9242884971900793
coda-2021,Coda,2021,0.7786076731935789
cold-mountain-2003,Cold Mountain,2003,0.5516792749767333
colette-2018,Colette,2018,-1.2057895073264784
collateral-2004,Collateral,2004,-0.5335885169035786
color-of-night-1994,Color Of Night,1994,0.2706111172269955
come-to-daddy-2019,Come To Daddy,2019,0.5233521710134128
coming-to-america-1988,Coming To America,1988,-0.07398651243523602
commando-1985,Commando,1985,0.050099286332704746
con-air-1997,Con Air,1997,0.9408536712386802
conclave-2024,Conclave,2024,1.6927211160304207
coneheads-1993,Coneheads,1993,0.831022970888357
constantine-2005,Constantine,2005,1.7738315850894173
contact-1997,Contact,1997,0.5575207779735453
contagion-2011,Contagion,2011,0.9995491562317609
cool-runnings-1993,Cool Runnings,1993,1.3165383698167519
copycat-1995,Copycat,1995,1.5259495272902008
coraline-2009,Coraline,2009,0.6184308103255772
corpse-bride-2005,Corpse Bride,2005,2.079062561386362
courage-under-fire-1996,Courage Under Fire,1996,0.7634852671121459
crash-2004,Crash,2004,1.7447464172649212
crawl-2019,Crawl,2019,1.1079014826071205
crazy-rich-asians-2018,Crazy Rich Asians,2018,1.1664543455050567
crazy-stupid-love-2011,Crazy Stupid Love,2011,1.436044340658038
creed-2015,Creed,2015,-0.3274039253055648
creed-ii-2018,Creed Ii,2018,0.9977997599233096
creed-iii-2023,Creed Iii,2023,0.04188284334295109
crimson-peak-2015,Crimson Peak,2015,1.1154410073472962
critters-1986,Critters,1986,0.48912914951704384
curly-sue-1991,Curly Sue,1991,-0.1869652923659907
cyrano-2021,Cyrano,2021,-0.048132763226664266
d2-the-mighty-ducks-1994,D2 The Mighty Ducks,1994,0.8235567084949951
d3-the-mighty-ducks-1996,D3 The Mighty Ducks,1996,1.3451648841201527
da-5-bloods-2020,Da 5 Bloods,2020,0.9119542744985468
dallas-buyers-club-2013,Dallas Buyers Club,2013,0.32031504332101934
dances-with-wolves-1990,Dances With Wolves,1990,-0.4886153458403171
daredevil-2003,Daredevil,2003,0.5847886217630902
dark-city-1998,Dark City,1998,1.462679497271969
darkest-hour-2017,Darkest Hour,2017,0.2357050301528131
darkman-1990,Darkman,1990,-0.1633158259891862
dawn-of-the-dead-2004,Dawn Of The Dead,2004,0.15222419785474506
dawn-of-the-planet-of-the-apes-2014,Dawn Of The Planet Of The Apes,2014,0.3397197343738167
dazed-and-confused-1993,Dazed And Confused,1993,0.2058362793565282
dead-poets-society-1989,Dead Poets Society,1989,-1.023682131797501
deadpool-2016,Deadpool,2016,-1.2407782935057832
deadpool-and-wolverine-2024,Deadpool And Wolverine,2024,1.6579057582813221
dear-white-people-2014,Dear White People,2014,1.1320122473012786
death-at-a-funeral-2007,Death At A Funeral,2007,1.8676409524211097
death-becomes-her-1992,Death Becomes Her,1992,1.172701045648822
death-note-2017,Death Note,2017,-0.46974594793682906
death-proof-2007,Death Proof,2007,0.6817139717896699
deepstar-six-1989,Deepstar Six,1989,0.8198619841163997
demolition-man-1993,Demolition Man,1993,1.0456994214172848
den-of-thieves-2018,Den Of Thieves,2018,0.8546700379002443
denial-2016,Denial,2016,1.4530595214537558
destroyer-2018,Destroyer,2018,0.7329774221819028
die-hard-1988,Die Hard,1988,0.17383125704420188
die-hard-2-1990,Die Hard 2,1990,1.4352317084891615
die-hard-with-a-vengeance-1995,Die Hard With A Vengeance,1995,0.5181248822981657
dinner-for-schmucks-2010,Dinner For Schmucks,2010,0.17403141874601802
dirty-girl-2010,Dirty Girl,2010,0.2660268618708923
disclosure-1994,Disclosure,1994,1.2760371577897713
disobedience-2018,Disobedience,2018,1.581009125321824
disorderlies-1987,Disorderlies,1987,1.2881679519750686
django-unchained-2012,Django Unchained,2012,1.4780815538841998
do-the-right-thing-1989,Do The Right Thing,1989,-1.0799605231085645
doctor-sleep-2019,Doctor Sleep,2019,0.9163646532968459
dogma-1999,Dogma,1999,1.717343052611434
dolemite-is-my-name-2019,Dolemite Is My Name,2019,1.4691164502361351
dominion-the-prequel-to-the-exorcist-2005,Dominion The Prequel To The Exorcist,2005,0.3283313167120664
donnie-brasco-1997,Donnie Brasco,1997,1.7910411820936911
donnie-darko-2001,Donnie Darko,2001,-0.6006026735278118
dont-look-up-2021,Dont Look Up,2021,0.37670533459514854
dont-worry-darling-2022,Dont Worry Darling,2022,0.5188635460203638
doom-2005,Doom,2005,1.6301443230676014
dope-2015,Dope,2015,0.6424245522071395
doubt-2008,Doubt,2008,-0.2000177464009464
downhill-2020,Downhill,2020,1.0574267333608642
downsizing-2017,Downsizing,2017,-0.5226885925888025
downton-abbey-2019,Downton Abbey,2019,1.5312545111534765
drag-me-to-hell-2009,Drag Me To Hell,2009,0.20506464715191294
dragonheart-1996,Dragonheart,1996,0.31485737346899434
dream-scenario-2023,Dream Scenario,2023,0.6139128942690377
dredd-2012,Dredd,2012,0.16209213895611768
dressed-to-kill-1980,Dressed To Kill,1980,-0.6080805913215425
drive-2011,Drive,2011,-0.1532836068332118
driving-miss-daisy-1989,Driving Miss Daisy,1989,1.1993555985759543
dumb-money-2023,Dumb Money,2023,-0.31272616492829025
dune-1984,Dune,1984,-0.12459336385161607
dune-2021,Dune,2021,0.6299885877593536
dunkirk-2017,Dunkirk,2017,0.1831730194922923
duplicity-2009,Duplicity,2009,0.4225280014087984
dutch-1991,Dutch,1991,1.7695858909572482
easy-a-2010,Easy A,2010,1.9395308542241754
ed-wood-1994,Ed Wood,1994,1.895646677582076
eddie-the-eagle-2016,Eddie The Eagle,2016,1.676079108374282
eddington-2025,Eddington,2025,2.0724842393466685
edge-of-tomorrow-2014,Edge Of Tomorrow,2014,1.7155970505575053
edward-scissorhands-1990,Edward Scissorhands,1990,0.9744226147320686
eighth-grade-2018,Eighth Grade,2018,0.6909622644725986
election-1999,Election,1999,0.1715815576092946
elemental-2023,Elemental,2023,0.7305297549905148
elvis-2022,Elvis,2022,-1.291165969354937
elysium-2013,Elysium,2013,0.3540569115550805
emancipation-2022,Emancipation,2022,-0.8657681198697589
emergency-2022,Emergency,2022,2.272156839188396
emilia-perez-2024,Emilia Perez,2024,0.22105552647786408
emma-2020,Emma,2020,1.025143861092212
empire-of-light-2022,Empire Of Light,2022,1.2150861323855007
encanto-2021,Encanto,2021,1.5420513529247248
encounter-2021,Encounter,2021,0.13339330527008336
end-of-watch-2012,End Of Watch,2012,0.2261683319910227
enough-said-2013,Enough Said,2013,0.24587499105071992
equity-2016,Equity,2016,0.33544673138284276
eraser-1996,Eraser,1996,1.0337459518918513
erin-brockovich-2000,Erin Brockovich,2000,1.8607256627354514
et-the-extra-terrestrial-1982,Et The Extra Terrestrial,1982,1.6609538452211146
eternal-sunshine-of-the-spotless-mind-2004,Eternal Sunshine Of The Spotless Mind,2004,-0.7279681858066568
event-horizon-1997,Event Horizon,1997,-0.6971678736638083
everything-everywhere-all-at-once-2022,Everything Everywhere All At Once,2022,0.9553822804608532
evil-dead-2013,Evil Dead,2013,0.5795091055348615
evil-dead-ii-1987,Evil Dead Ii,1987,-1.020263583869223
evolution-2001,Evolution,2001,1.0121831753998658
ex-machina-2014,Ex Machina,2014,-2.074561136967187
excalibur-1981,Excalibur,1981,-1.073325216720224
extraction-2020,Extraction,2020,0.5453176236647238
extremely-wicked-shockingly-evil-and-vile-2019,Extremely Wicked Shockingly Evil And Vile,2019,1.2628659099573007
eye-in-the-sky-2015,Eye In The Sky,2015,-1.822639877092024
eyes-wide-shut-1999,Eyes Wide Shut,1999,-1.333954730393541
f1-2025,F1,2025,1.620820482684883
fair-play-2023,Fair Play,2023,0.039803463615972645
fanboys-2009,Fanboys,2009,1.1608918464507005
fantastic-beasts-and-where-to-find-them-2016,Fantastic Beasts And Where To Find Them,2016,1.3850053315699522
fantastic-beasts-the-crimes-of-grindelwald-2018,Fantastic Beasts The Crimes Of Grindelwald,2018,0.34584202315968043
fantastic-beasts-the-secrets-of-dumbledore-2022,Fantastic Beasts The Secrets Of Dumbledore,2022,0.9732976957017081
fantastic-mr-fox-2009,Fantastic Mr Fox,2009,0.5972697903507682
fargo-1996,Fargo,1996,0.2811897848175972
fast-color-2019,Fast Color,2019,1.515516604074731
fatal-attraction-1987,Fatal Attraction,1987,-0.6905305619044463
faults-2014,Faults,2014,1.0355500020391029
fear-street-part-one-1994-2021,Fear Street Part One 1994,2021,-0.6761711199647138
fences-2016,Fences,2016,2.4510476760489235
ferrari-2023,Ferrari,2023,-0.8693983508039785
ferris-buellers-day-off-1986,Ferris Buellers Day Off,1986,0.670394872174316
field-of-dreams-1989,Field Of Dreams,1989,-0.03833333730552049
fight-club-1999,Fight Club,1999,0.04370647453264606
fighting-with-my-family-2019,Fighting With My Family,2019,1.493867860407358
film-stars-dont-die-in-liverpool-2017,Film Stars Dont Die In Liverpool,2017,0.8618667463321894
final-destination-2000,Final Destination,2000,1.6524334067549311
finding-nemo-2003,Finding Nemo,2003,1.7409411233523033
first-blood-1982,First Blood,1982,-0.17498161009130178
first-cow-2020,First Cow,2020,-0.3844740480175501
first-man-2018,First Man,2018,0.9253253486636427
first-reformed-2018,First Reformed,2018,-0.8123251029003611
first-they-killed-my-father-2017,First They Killed My Father,2017,1.122279937048246
flashdance-1983,Flashdance,1983,-0.14476276015686493
flatliners-2017,Flatliners,2017,0.36636389878523146
flight-2012,Flight,2012,1.1581804579431991
flora-and-son-2023,Flora And Son,2023,1.648508434261721
focus-2015,Focus,2015,-0.817583379212977
foe-2023,Foe,2023,1.6626144653580135
following-1998,Following,1998,-1.4487671137131506
for-your-eyes-only-1981,For Your Eyes Only,1981,-0.9007266640784285
ford-v-ferrari-2019,Ford V Ferrari,2019,1.8484632323181225
forrest-gump-1994,Forrest Gump,1994,-0.19927863267921445
four-rooms-1995,Four Rooms,1995,2.210235406175877
four-weddings-and-a-funeral-1994,Four Weddings And A Funeral,1994,0.015065416742995719
foxcatcher-2014,Foxcatcher,2014,-1.8001218460343442
frailty-2001,Frailty,2001,0.12894621891231556
frances-ha-2012,Frances Ha,2012,1.9512206287360858
frank-2014,Frank,2014,-0.9745077015751774
frankenstein-2025,Frankenstein,2025,0.16351200887309547
frankensteins-army-2013,Frankensteins Army,2013,-1.1470983723652415
frankenweenie-2012,Frankenweenie,2012,0.850429295862909
frankie-2019,Frankie,2019,0.9313917204391569
frantic-1988,Frantic,1988,1.1395597799427857
fred-claus-2007,Fred Claus,2007,0.7696861100438672
freddy-vs-jason-2003,Freddy Vs Jason,2003,-0.4678883727012906
free-fire-2016,Free Fire,2016,0.577422738197185
free-guy-2021,Free Guy,2021,1.024182888497783
frequency-2000,Frequency,2000,1.5230079620165662
fresh-2022,Fresh,2022,-1.3155108810020981
freuds-last-session-2023,Freuds Last Session,2023,1.8696504185021496
friday-1995,Friday,1995,-0.3795446459456148
friday-the-13th-1980,Friday The 13Th,1980,0.17437583456675587
friday-the-13th-part-vi-jason-lives-1986,Friday The 13Th Part Vi Jason Lives,1986,0.04470932923076895
friendship-2025,Friendship,2025,0.7179601110514906
from-dusk-till-dawn-1996,From Dusk Till Dawn,1996,0.05516353738604682
frost-nixon-2008,Frost Nixon,2008,1.5178571647109256
frozen-2013,Frozen,2013,0.6809765113374762
fruitvale-station-2013,Fruitvale Station,2013,-0.6005163667903541
full-metal-jacket-1987,Full Metal Jacket,1987,1.9189876485821116
fury-2014,Fury,2014,0.517753625726712
game-night-2018,Game Night,2018,-0.9477776023962794
garden-state-2004,Garden State,2004,0.13223779078044245
gattaca-1997,Gattaca,1997,0.2893833436318298
gemini-man-2019,Gemini Man,2019,0.12202608536577729
geostorm-2017,Geostorm,2017,1.8902967764724905
get-low-2009,Get Low,2009,2.133924189756905
get-on-up-2014,Get On Up,2014,1.199498214260764
get-out-2017,Get Out,2017,-1.1590092046858333
get-rich-or-die-tryin-2005,Get Rich Or Die Tryin,2005,-1.6767952029640973
ghost-1990,Ghost,1990,0.831125989187722
ghost-rider-2007,Ghost Rider,2007,1.564048122135563
ghostbusters-1984,Ghostbusters,1984,1.7727639656273957
ghostbusters-ii-1989,Ghostbusters Ii,1989,1.5120989513384242
ginger-snaps-2000,Ginger Snaps,2000,1.1764703573036326
girl-with-a-pearl-earring-2003,Girl With A Pearl Earring,2003,-0.0415510761077042
girls-trip-2017,Girls Trip,2017,1.062709053112147
gladiator-2000,Gladiator,2000,1.2288380067989713
gladiator-ii-2024,Gladiator Ii,2024,0.5104908090034118
glass-onion-a-knives-out-mystery-2022,Glass Onion A Knives Out Mystery,2022,-0.1883964444054025
godzilla-2014,Godzilla,2014,0.1460748547795046
gold-2016,Gold,2016,-0.002065917510537474
goldeneye-1995,Goldeneye,1995,1.095960294215925
gone-baby-gone-2007,Gone Baby Gone,2007,0.16189029418977385
gone-girl-2014,Gone Girl,2014,1.2160786476186816
good-morning-vietnam-1987,Good Morning Vietnam,1987,1.5435678529511914
good-will-hunting-1997,Good Will Hunting,1997,1.5696347618203963
goodfellas-1990,Goodfellas,1990,-0.690548161719532
gravity-2013,Gravity,2013,0.6241403279909827
green-book-2018,Green Book,2018,1.8513020881542586
green-lantern-2011,Green Lantern,2011,1.4991153037569611
green-room-2015,Green Room,2015,0.3004930030405765
greenberg-2010,Greenberg,2010,0.11707535412187844
gremlins-1984,Gremlins,1984,-0.2825261623751667
gremlins-2-the-new-batch-1990,Gremlins 2 The New Batch,1990,0.6050505891444429
groundhog-day-1993,Groundhog Day,1993,1.2938940961170047
guardians-of-the-galaxy-vol-2-2017,Guardians Of The Galaxy Vol 2,2017,1.142343413158603
guillermo-del-toros-pinocchio-2022,Guillermo Del Toros Pinocchio,2022,1.1997724980977928
gunpowder-milkshake-2021,Gunpowder Milkshake,2021,1.6090458535356182
hackers-1995,Hackers,1995,0.7124055747430226
hacksaw-ridge-2016,Hacksaw Ridge,2016,0.400369461703696
hail-caesar-2016,Hail Caesar,2016,-0.13170483825384338
hall-pass-2011,Hall Pass,2011,0.8508539417311056
halloween-2018,Halloween,2018,1.5617375037213679
halloween-4-the-return-of-michael-myers-1988,Halloween 4 The Return Of Michael Myers,1988,1.2846758921515837
halloween-5-the-revenge-of-michael-myers-1989,Halloween 5 The Revenge Of Michael Myers,1989,0.09512308131966285
halloween-h20-20-years-later-1998,Halloween H20 20 Years Later,1998,1.2107290150858332
halloween-ii-1981,Halloween Ii,1981,-0.45026406161045984
halloween-iii-season-of-the-witch-1982,Halloween Iii Season Of The Witch,1982,-1.1184770997170597
halloween-kills-2021,Halloween Kills,2021,1.0447002034688802
halloween-the-curse-of-michael-myers-1995,Halloween The Curse Of Michael Myers,1995,0.040269329234104645
hamnet-2025,Hamnet,2025,0.3383478076721466
hangin-with-the-homeboys-1991,Hangin With The Homeboys,1991,1.5683050811858283
hanna-2011,Hanna,2011,1.0700861993877262
hannah-and-her-sisters-1986,Hannah And Her Sisters,1986,1.8874567921703316
happy-birthday-to-me-1981,Happy Birthday To Me,1981,0.020260184315172014
happy-death-day-2017,Happy Death Day,2017,0.2962289735610673
happy-gilmore-1996,Happy Gilmore,1996,0.8086417634180195
harlem-nights-1989,Harlem Nights,1989,1.0537430411857986
harriet-2019,Harriet,2019,-1.2264286815454106
harry-potter-and-the-chamber-of-secrets-2002,Harry Potter And The Chamber Of Secrets,2002,1.782525025949934
harry-potter-and-the-deathly-hallows-part-1-2010,Harry Potter And The Deathly Hallows Part 1,2010,0.5221980010718807
harry-potter-and-the-deathly-hallows-part-2-2011,Harry Potter And The Deathly Hallows Part 2,2011,1.7783984713509975
harry-potter-and-the-goblet-of-fire-2005,Harry Potter And The Goblet Of Fire,2005,-0.265974041443169
harry-potter-and-the-half-blood-prince-2009,Harry Potter And The Half Blood Prince,2009,-0.15191542104565686
harry-potter-and-the-prisoner-of-azkaban-2004,Harry Potter And The Prisoner Of Azkaban,2004,1.0002427997572259
harry-potter-and-the-sorcerers-stone-2001,Harry Potter And The Sorcerers Stone,2001,2.3093946346803707
heat-1995,Heat,1995,0.4643425239144208
heathers-1988,Heathers,1988,1.2334711090672426
heavy-metal-1981,Heavy Metal,1981,1.599903667106807
heavyweights-1995,Heavyweights,1995,1.1212130916681244
hell-or-high-water-2016,Hell Or High Water,2016,-0.035024356965084026
hellbound-hellraiser-ii-1988,Hellbound Hellraiser Ii,1988,1.0665998649205073
hellboy-2004,Hellboy,2004,-0.7578857348386739
hellboy-2019,Hellboy,2019,-0.5199749108317073
hellraiser-1987,Hellraiser,1987,-0.878663575195663
hellraiser-deader-2005,Hellraiser Deader,2005,1.8901412543266618
hellraiser-hellseeker-2002,Hellraiser Hellseeker,2002,1.067125811637734
her-2013,Her,2013,0.10831209534490144
hereditary-2018,Hereditary,2018,0.4582678969507079
hidden-figures-2016,Hidden Figures,2016,0.9907543514048357
high-fidelity-2000,High Fidelity,2000,1.1819128259442162
highlander-ii-the-quickening-1991,Highlander Ii The Quickening,1991,1.229234281251538
hitchcock-2012,Hitchcock,2012,0.8749048558693385
hocus-pocus-1993,Hocus Pocus,1993,-0.014014890980475786
hold-the-dark-2018,Hold The Dark,2018,1.510720977138321
hollow-man-2000,Hollow Man,2000,-0.7018048077829058
home-alone-1990,Home Alone,1990,2.0369992742153444
home-alone-2-lost-in-new-york-1992,Home Alone 2 Lost In New York,1992,1.524501575645377
honey-boy-2019,Honey Boy,2019,1.6135520121031055
honey-i-blew-up-the-kid-1992,Honey I Blew Up The Kid,1992,2.163866450937576
honey-i-shrunk-the-kids-1989,Honey I Shrunk The Kids,1989,1.7608397800680142
horrible-bosses-2-2014,Horrible Bosses 2,2014,-0.016218794858617838
horrible-bosses-2011,Horrible Bosses,2011,-0.5014114370654101
hostel-2005,Hostel,2005,-0.26784175839269714
hot-fuzz-2007,Hot Fuzz,2007,1.2757329110302802
house-of-gucci-2021,House Of Gucci,2021,1.1027645969623154
house-party-1990,House Party,1990,1.6321174949069726
how-the-grinch-stole-christmas-2000,How The Grinch Stole Christmas,2000,1.214149628257501
how-to-build-a-girl-2020,How To Build A Girl,2020,1.7207558365484334
how-to-train-your-dragon-2-2014,How To Train Your Dragon 2,2014,0.9025750601685592
how-to-train-your-dragon-2010,How To Train Your Dragon,2010,1.1998865610013598
how-to-train-your-dragon-the-hidden-world-2019,How To Train Your Dragon The Hidden World,2019,1.315310889508187
howard-the-duck-1986,Howard The Duck,1986,1.4218314518040343
hugo-2011,Hugo,2011,0.7194525294954919
hustle-flow-2005,Hustle Flow,2005,0.908819243956883
hustlers-2019,Hustlers,2019,0.8510941928028573
i-dont-feel-at-home-in-this-world-anymore-2017,I Dont Feel At Home In This World Anymore,2017,1.2848909934874375
i-love-you-man-2009,I Love You Man,2009,1.4059396672117521
i-saw-the-light-2016,I Saw The Light,2016,0.43577664086841905
i-think-were-alone-now-2018,I Think Were Alone Now,2018,0.8841057135341627
i-tonya-2017,I Tonya,2017,-0.38373771176252985
identity-2003,Identity,2003,1.6988906850120542
if-beale-street-could-talk-2018,If Beale Street Could Talk,2018,0.8064582200016897
im-thinking-of-ending-things-2020,Im Thinking Of Ending Things,2020,1.3156919328382577
in-bruges-2008,In Bruges,2008,-0.6782681873245748
in-fabric-2018,In Fabric,2018,0.08715748374085183
in-the-tall-grass-2019,In The Tall Grass,2019,1.01223387842538
inception-2010,Inception,2010,1.027391971271781
indecent-proposal-1993,Indecent Proposal,1993,1.4042000567108612
independence-day-1996,Independence Day,1996,1.2535272790713936
indiana-jones-and-the-kingdom-of-the-crystal-skull-2008,Indiana Jones And The Kingdom Of The Crystal Skull,2008,1.2230239738874966
indiana-jones-and-the-last-crusade-1989,Indiana Jones And The Last Crusade,1989,-0.4549095698805089
indiana-jones-and-the-temple-of-doom-1984,Indiana Jones And The Temple Of Doom,1984,1.1042070830490178
infinitely-polar-bear-2014,Infinitely Polar Bear,2014,1.3202648806241597
inglourious-basterds-2009,Inglourious Basterds,2009,-0.9059427389000786
ingrid-goes-west-2017,Ingrid Goes West,2017,-0.6746111184688217
inherent-vice-2014,Inherent Vice,2014,0.40625894279313224
initiation-2016,Initiation,2016,1.8642663292151778
innerspace-1987,Innerspace,1987,1.8192604138554969
inside-llewyn-davis-2013,Inside Llewyn Davis,2013,1.5927679513786903
inside-out-2015,Inside Out,2015,1.5265042659556505
insidious-2010,Insidious,2010,0.12371124663246089
insidious-chapter-2-2013,Insidious Chapter 2,2013,1.6637986300782408
insomnia-2002,Insomnia,2002,0.3276768859780641
inspector-gadget-1999,Inspector Gadget,1999,0.6935115800051826
interstellar-2014,Interstellar,2014,1.398139102573901
interview-with-the-vampire-1994,Interview With The Vampire,1994,-0.2612154602807436
into-the-woods-2014,Into The Woods,2014,-0.3073735487935837
iron-man-2008,Iron Man,2008,-0.2011811856944079
isle-of-dogs-2018,Isle Of Dogs,2018,0.7174971600084872
it-2017,It,2017,2.3417578625968085
it-follows-2015,It Follows,2015,1.5411579298989802
it-was-just-an-accident-2025,It Was Just An Accident,2025,-1.1639622178388296
its-complicated-2009,Its Complicated,2009,-0.2645182271779209
its-kind-of-a-funny-story-2010,Its Kind Of A Funny Story,2010,1.7099758640641438
jack-reacher-2012,Jack Reacher,2012,1.703817695486017
jackie-2016,Jackie,2016,0.24850217104738329
jackie-brown-1997,Jackie Brown,1997,1.3168301275429177
jacobs-ladder-1990,Jacobs Ladder,1990,1.4562082932260623
jagged-edge-1985,Jagged Edge,1985,-1.1199217224262377
jane-eyre-2011,Jane Eyre,2011,-0.07087938222562486
jarhead-2005,Jarhead,2005,1.8276754446044527
jason-goes-to-hell-the-final-friday-1993,Jason Goes To Hell The Final Friday,1993,1.5138834775526004
jennifers-body-2009,Jennifers Body,2009,1.0443979174758082
jerry-maguire-1996,Jerry Maguire,1996,0.6121413007998717
jfk-1991,Jfk,1991,2.1911653055181373
jingle-all-the-way-1996,Jingle All The Way,1996,1.8697969355011754
jo-jo-dancer-your-life-is-calling-1986,Jo Jo Dancer Your Life Is Calling,1986,-0.5232883837938094
jockey-2021,Jockey,2021,-0.06484663108402158
john-wick-2014,John Wick,2014,0.9889638083432899
john-wick-chapter-4-2023,John Wick Chapter 4,2023,0.321355418244059
jojo-rabbit-2019,Jojo Rabbit,2019,0.03562720925744911
joker-2019,Joker,2019,1.2297715885764493
joy-2015,Joy,2015,0.9097458930562337
judas-and-the-black-messiah-2021,Judas And The Black Messiah,2021,0.5182607292482178
jules-2023,Jules,2023,1.4457736692536818
julieta-2016,Julieta,2016,0.7803888264722378
jumanji-1995,Jumanji,1995,1.9111407413121506
juno-2007,Juno,2007,1.5746587191209702
jurassic-park-1993,Jurassic Park,1993,0.799777232734132
just-mercy-2019,Just Mercy,2019,1.1931446381082915
k-pax-2001,K Pax,2001,0.04065938075153602
kajillionaire-2020,Kajillionaire,2020,1.1826674222322855
kids-1995,Kids,1995,0.5291463378855759
kill-bill-vol-1-2003,Kill Bill Vol 1,2003,-0.9026556331556035
kill-bill-vol-2-2004,Kill Bill Vol 2,2004,0.46655465019008213
kill-the-messenger-2014,Kill The Messenger,2014,-1.9272676895640917
kill-your-darlings-2013,Kill Your Darlings,2013,0.4349399597493143
killer-klowns-from-outer-space-1988,Killer Klowns From Outer Space,1988,1.0392565110914462
killers-of-the-flower-moon-2023,Killers Of The Flower Moon,2023,1.3414054383397729
kin-2018,Kin,2018,1.33032853851833
king-kong-2005,King Kong,2005,0.5903074372777262
king-richard-2021,King Richard,2021,-0.5172319092683918
kingpin-1996,Kingpin,1996,1.4159072420901928
kingsman-the-secret-service-2014,Kingsman The Secret Service,2014,1.113425282018272
kiss-kiss-bang-bang-2005,Kiss Kiss Bang Bang,2005,2.039239434759554
kiss-of-the-spider-woman-1985,Kiss Of The Spider Woman,1985,1.8035889112469161
knight-and-day-2010,Knight And Day,2010,1.6992319080091864
knives-out-2019,Knives Out,2019,1.4540345934421612
knock-at-the-cabin-2023,Knock At The Cabin,2023,0.3695959650369522
knocked-up-2007,Knocked Up,2007,0.3423890249678632
krampus-2015,Krampus,2015,0.790696866341911
kubo-and-the-two-strings-2016,Kubo And The Two Strings,2016,1.0705697626681778
la-confidential-1997,La Confidential,1997,0.2928174591583802
la-la-land-2016,La La Land,2016,0.9867462413012826
la-story-1991,La Story,1991,-0.17802744419175154
labor-day-2013,Labor Day,2013,0.29341923550394744
lady-bird-2017,Lady Bird,2017,-0.1500815407837645
lady-chatterleys-lover-2022,Lady Chatterleys Lover,2022,1.0661017517744522
ladyhawke-1985,Ladyhawke,1985,1.4916689973965118
lake-placid-1999,Lake Placid,1999,2.122139356687881
land-of-mine-2015,Land Of Mine,2015,-1.0514378936129432
lars-and-the-real-girl-2007,Lars And The Real Girl,2007,1.0126914381293852
last-holiday-2006,Last Holiday,2006,-0.18495250917529465
last-night-in-soho-2021,Last Night In Soho,2021,0.6281263587143983
law-abiding-citizen-2009,Law Abiding Citizen,2009,1.5197160646022927
lean-on-me-1989,Lean On Me,1989,1.8435916859378798
leave-no-trace-2018,Leave No Trace,2018,0.9413700391359354
leaving-las-vegas-1995,Leaving Las Vegas,1995,-0.5668018763333869
lee-daniels-the-butler-2013,Lee Daniels The Butler,2013,0.6425475606071664
legend-1985,Legend,1985,1.00940699574593
legend-2015,Legend,2015,0.050806828823914504
leprechaun-1993,Leprechaun,1993,0.859960709583687
leprechaun-2-1994,Leprechaun 2,1994,1.4290280972245843
les-miserables-2012,Les Miserables,2012,0.3530822742642402
let-me-in-2010,Let Me In,2010,0.5056446208009676
lethal-weapon-1987,Lethal Weapon,1987,0.9908406263837852
lethal-weapon-2-1989,Lethal Weapon 2,1989,-0.8818754986549576
lethal-weapon-4-1998,Lethal Weapon 4,1998,0.20432887657977056
liar-liar-1997,Liar Liar,1997,1.723662337423143
licence-to-kill-1989,Licence To Kill,1989,-1.066835927972968
life-itself-2018,Life Itself,2018,1.5162846296486596
life-of-pi-2012,Life Of Pi,2012,-1.0562343758169448
life-stinks-1991,Life Stinks,1991,0.2811261475723945
lights-out-2016,Lights Out,2016,0.4220443811199962
like-father-like-son-1987,Like Father Like Son,1987,1.28259905100207
lincoln-2012,Lincoln,2012,0.05615163922740235
lion-2016,Lion,2016,0.6732471067622517
little-miss-sunshine-2006,Little Miss Sunshine,2006,1.4814117902434145
little-shop-of-horrors-1986,Little Shop Of Horrors,1986,1.2212978575868454
little-women-2019,Little Women,2019,0.9328128110310954
live-by-night-2016,Live By Night,2016,-0.5682913892258136
live-free-or-die-hard-2007,Live Free Or Die Hard,2007,1.85298350659589
living-2022,Living,2022,1.7862155040593728
lock-stock-and-two-smoking-barrels-1998,Lock Stock And Two Smoking Barrels,1998,-0.5068725535658598
locke-2013,Locke,2013,0.5591427215388278
logan-2017,Logan,2017,0.4383508613625886
lone-survivor-2013,Lone Survivor,2013,0.407223756858762
looney-tunes-back-in-action-2003,Looney Tunes Back In Action,2003,1.009697008505619
looper-2012,Looper,2012,1.580635209202875
lost-highway-1997,Lost Highway,1997,0.9266706890699483
lost-in-translation-2003,Lost In Translation,2003,0.3280062962809518
love-actually-2003,Love Actually,2003,1.01863004497016
love-and-friendship-2016,Love And Friendship,2016,1.8180023567321473
love-and-other-drugs-2010,Love And Other Drugs,2010,1.1039235757807069
love-is-strange-2014,Love Is Strange,2014,1.2302061335052723
love-simon-2018,Love Simon,2018,0.8357927915320668
loving-2016,Loving,2016,1.242687394026766
luca-2021,Luca,2021,1.288473972357965
lucky-number-slevin-2006,Lucky Number Slevin,2006,2.2966933944807586
lucy-2014,Lucy,2014,0.8026920426108708
lucy-in-the-sky-2019,Lucy In The Sky,2019,-0.7003384453469865
macgruber-2010,Macgruber,2010,-0.5201697598113632
mad-max-fury-road-2015,Mad Max Fury Road,2015,0.50065557775987
made-in-heaven-1987,Made In Heaven,1987,0.46610087848249604
maestro-2023,Maestro,2023,-0.5932281969231763
maggies-plan-2016,Maggies Plan,2016,0.5180919111767001
magnolia-1999,Magnolia,1999,0.841129698477397
malcolm-and-marie-2021,Malcolm And Marie,2021,1.8363169332511071
malcolm-x-1992,Malcolm X,1992,-0.30352960370033055
malibus-most-wanted-2003,Malibus Most Wanted,2003,0.918371242367097
malignant-2021,Malignant,2021,0.1869167191054566
mallrats-1995,Mallrats,1995,0.2628399857488972
man-on-a-ledge-2012,Man On A Ledge,2012,1.993876671206217
man-on-fire-2004,Man On Fire,2004,-0.5974032384334405
man-on-the-moon-1999,Man On The Moon,1999,1.9195091855410615
mandy-2018,Mandy,2018,-1.2611267209527943
maniac-cop-1988,Maniac Cop,1988,1.7264230561530758
mank-2020,Mank,2020,0.6659749549152266
margin-call-2011,Margin Call,2011,0.396943582734709
maria-2024,Maria,2024,1.137735571860227
maria-full-of-grace-2004,Maria Full Of Grace,2004,-0.222184533070576
marriage-story-2019,Marriage Story,2019,1.4093506422880138
mars-attacks-1996,Mars Attacks,1996,1.6960088488052096
marty-supreme-2025,Marty Supreme,2025,1.7809177774309202
martyrs-2015,Martyrs,2015,1.164282026805906
mary-poppins-returns-2018,Mary Poppins Returns,2018,1.1125495482699193
mary-queen-of-scots-2018,Mary Queen Of Scots,2018,0.21581275449788162
mary-shelleys-frankenstein-1994,Mary Shelleys Frankenstein,1994,0.5003223193923269
mass-2021,Mass,2021,1.441065330451172
master-2022,Master,2022,-1.2619633977102995
match-point-2005,Match Point,2005,0.026531802649590902
maudie-2016,Maudie,2016,0.6244208500123128
may-december-2023,May December,2023,-0.13192896313061156
me-and-earl-and-the-dying-girl-2015,Me And Earl And The Dying Girl,2015,0.6096050703521876
me-him-her-2015,Me Him Her,2015,1.0590720563349036
mean-girls-2004,Mean Girls,2004,1.6004178523844312
megamind-2010,Megamind,2010,0.7517288725171967
memento-2000,Memento,2000,0.8375408509025423
memoirs-of-a-geisha-2005,Memoirs Of A Geisha,2005,0.06900364451039259
memory-2022,Memory,2022,-0.9252663535717852
men-in-black-1997,Men In Black,1997,-0.5684926823800752
menace-ii-society-1993,Menace Ii Society,1993,0.1718549734851593
michael-clayton-2007,Michael Clayton,2007,-0.539664461881501
mid90s-2018,Mid90S,2018,0.75299068121017
middle-of-nowhere-2008,Middle Of Nowhere,2008,0.9482712907838726
midnight-in-paris-2011,Midnight In Paris,2011,0.13175450344941658
midnight-run-1988,Midnight Run,1988,0.5921818171613278
midsommar-2019,Midsommar,2019,0.700712497237013
midway-2019,Midway,2019,1.5277711566341308
miles-ahead-2016,Miles Ahead,2016,0.9269341794190971
millers-girl-2024,Millers Girl,2024,1.5579254288690016
million-dollar-baby-2004,Million Dollar Baby,2004,1.6619370467292505
mimic-1997,Mimic,1997,0.19687169265835158
minari-2020,Minari,2020,1.378354071105347
minority-report-2002,Minority Report,2002,-0.04195640265815671
misery-1990,Misery,1990,0.229994676994419
miss-congeniality-2000,Miss Congeniality,2000,1.6994410895866514
miss-sloane-2016,Miss Sloane,2016,1.90390006056795
mission-impossible-1996,Mission Impossible,1996,-0.048797252501452934
mission-impossible-fallout-2018,Mission Impossible Fallout,2018,0.6651566974963088
mission-impossible-ii-2000,Mission Impossible Ii,2000,-0.1540824329549921
mission-impossible-iii-2006,Mission Impossible Iii,2006,1.2839335709783226
mission-impossible-rogue-nation-2015,Mission Impossible Rogue Nation,2015,0.7951026733717703
mollys-game-2017,Mollys Game,2017,0.5299286880362446
moneyball-2011,Moneyball,2011,-0.7421308200919521
monster-2003,Monster,2003,-1.675894716969828
monsters-ball-2001,Monsters Ball,2001,1.266949287557519
monsters-inc-2001,Monsters Inc,2001,0.5976892827299052
monsters-university-2013,Monsters University,2013,0.5526764357120677
moon-2009,Moon,2009,0.39885353410873714
moonlight-2016,Moonlight,2016,1.7853390125497017
moonrise-kingdom-2012,Moonrise Kingdom,2012,0.9866178183697155
moonstruck-1987,Moonstruck,1987,0.9920789544209813
mother-2017,Mother,2017,0.38321019454306476
motherless-brooklyn-2019,Motherless Brooklyn,2019,1.1778366372349882
moulin-rouge-2001,Moulin Rouge,2001,-0.39166362862792115
mr-and-mrs-smith-2005,Mr And Mrs Smith,2005,0.6988188616798483
mr-hollands-opus-1995,Mr Hollands Opus,1995,2.1110461775082268
mr-mom-1983,Mr Mom,1983,0.28625634724356425
mr-nobody-2009,Mr Nobody,2009,1.5750755938508734
mr-right-2015,Mr Right,2015,1.286931236405144
mr-turner-2014,Mr Turner,2014,0.4181591743727504
mud-2012,Mud,2012,1.6509115121467608
mudbound-2017,Mudbound,2017,-0.6357514871845844
mulan-1998,Mulan,1998,1.0393953628949255
mulholland-drive-2001,Mulholland Drive,2001,1.409373860029702
murder-on-the-orient-express-2017,Murder On The Orient Express,2017,1.2590325278570733
my-big-fat-greek-wedding-2-2016,My Big Fat Greek Wedding 2,2016,1.5636703068337043
my-cousin-vinny-1992,My Cousin Vinny,1992,1.1886280319040603
my-demon-lover-1987,My Demon Lover,1987,2.242513758183673
my-friend-dahmer-2017,My Friend Dahmer,2017,0.6220049084261133
my-old-ass-2024,My Old Ass,2024,1.8402470303575167
my-policeman-2022,My Policeman,2022,-0.6453765988094493
my-week-with-marilyn-2011,My Week With Marilyn,2011,0.717792045893569
mystery-men-1999,Mystery Men,1999,1.2909799913339801
naked-gun-33-the-final-insult-1994,Naked Gun 33 The Final Insult,1994,0.9994030139186101
nanny-2022,Nanny,2022,0.2577964440040895
napoleon-2023,Napoleon,2023,-0.2019450738537678
napoleon-dynamite-2004,Napoleon Dynamite,2004,-0.047500370341021725
national-lampoons-christmas-vacation-1989,National Lampoons Christmas Vacation,1989,2.336172388015452
national-lampoons-european-vacation-1985,National Lampoons European Vacation,1985,-0.4666039720713705
national-lampoons-vacation-1983,National Lampoons Vacation,1983,0.9394383044706139
national-treasure-2004,National Treasure,2004,0.8795963806477023
natural-born-killers-1994,Natural Born Killers,1994,-1.2908592967467234
near-dark-1987,Near Dark,1987,1.7488429735622582
nebraska-2013,Nebraska,2013,1.2345735162248386
nerve-2016,Nerve,2016,1.2227419876185468
never-look-away-2018,Never Look Away,2018,1.4345147079362608
never-rarely-sometimes-always-2020,Never Rarely Sometimes Always,2020,0.9338418005435327
new-jack-city-1991,New Jack City,1991,-0.5403607710521583
new-nightmare-1994,New Nightmare,1994,1.2292654537623657
nick-and-norahs-infinite-playlist-2008,Nick And Norahs Infinite Playlist,2008,1.1465414276304875
nickel-boys-2024,Nickel Boys,2024,1.0378681162583816
night-of-the-demons-1988,Night Of The Demons,1988,-0.2637875488606752
nightbitch-2024,Nightbitch,2024,1.2601752313734558
nightcrawler-2014,Nightcrawler,2014,1.699130190321048
nightmare-alley-2021,Nightmare Alley,2021,-1.7371122831230128
nine-days-2020,Nine Days,2020,2.4306649182288025
ninja-assassin-2009,Ninja Assassin,2009,1.481612611124655
nixon-1995,Nixon,1995,0.4680095098433862
no-country-for-old-men-2007,No Country For Old Men,2007,0.2631153913213879
no-hard-feelings-2023,No Hard Feelings,2023,0.620260411355026
no-one-will-save-you-2023,No One Will Save You,2023,2.581790069930731
no-time-to-die-2021,No Time To Die,2021,-0.4305867307448165
nocturnal-animals-2016,Nocturnal Animals,2016,1.4995676319148443
nomadland-2020,Nomadland,2020,1.078176769492158
nope-2022,Nope,2022,-1.2740884278408822
nosferatu-2024,Nosferatu,2024,0.904674600567374
not-easily-broken-2009,Not Easily Broken,2009,0.8903779108204474
notorious-2009,Notorious,2009,0.014900401062758972
notting-hill-1999,Notting Hill,1999,1.721162673127383
now-you-see-me-2013,Now You See Me,2013,0.2268024155941734
nowhere-boy-2009,Nowhere Boy,2009,1.673410047697915
oceans-eight-2018,Oceans Eight,2018,0.20468391450237775
oceans-eleven-2001,Oceans Eleven,2001,-1.1810969965116966
oceans-twelve-2004,Oceans Twelve,2004,-0.046918433302999996
octopussy-1983,Octopussy,1983,0.635325689377602
oculus-2013,Oculus,2013,0.7797388581077407
office-space-1999,Office Space,1999,0.485006185813323
okja-2017,Okja,2017,1.228081850470463
olympus-has-fallen-2013,Olympus Has Fallen,2013,1.8487827143569724
on-the-basis-of-sex-2018,On The Basis Of Sex,2018,1.9869203655445915
once-upon-a-time-in-america-1984,Once Upon A Time In America,1984,-0.025283173763081812
once-upon-a-time-in-mexico-2003,Once Upon A Time In Mexico,2003,1.674168582239592
one-eight-seven-1997,One Eight Seven,1997,-1.0885213136170429
one-night-in-miami-2020,One Night In Miami,2020,1.4981374927751716
only-lovers-left-alive-2013,Only Lovers Left Alive,2013,0.5985014565959994
only-the-brave-2017,Only The Brave,2017,0.4433680226123907
oppenheimer-2023,Oppenheimer,2023,-1.2136695438062441
ordinary-people-1980,Ordinary People,1980,0.7833947249520393
origin-2023,Origin,2023,0.214625252463875
orphan-2009,Orphan,2009,-1.0818269250422814
ouija-2014,Ouija,2014,1.840790304939254
out-of-africa-1985,Out Of Africa,1985,-0.27988155854331354
outlaw-king-2018,Outlaw King,2018,1.1655519879394265
over-the-moon-2020,Over The Moon,2020,1.4502373719891164
overboard-1987,Overboard,1987,1.4476590171397323
overboard-2018,Overboard,2018,0.9672607179775825
overlord-2018,Overlord,2018,-0.07153515466307803
pacific-rim-2013,Pacific Rim,2013,1.5486593434804838
paddington-2-2018,Paddington 2,2018,1.0974344955963984
pain-and-glory-2019,Pain And Glory,2019,0.3516975141216403
palm-springs-2020,Palm Springs,2020,1.8648341615244117
panic-room-2002,Panic Room,2002,0.655365840679293
pans-labyrinth-2006,Pans Labyrinth,2006,1.590613553633447
papillon-2017,Papillon,2017,1.3971363212113972
paradise-2013,Paradise,2013,1.8267207075890988
parallel-mothers-2021,Parallel Mothers,2021,0.6472112956197293
paranorman-2012,Paranorman,2012,2.3025559564863993
parasite-2019,Parasite,2019,0.8815143903450368
pariah-2011,Pariah,2011,1.8032084604239569
passengers-2016,Passengers,2016,1.3467429015549393
passing-2021,Passing,2021,-0.4921433449518172
past-lives-2023,Past Lives,2023,0.9875323528068058
pawn-sacrifice-2014,Pawn Sacrifice,2014,1.0020298930997797
peggy-sue-got-married-1986,Peggy Sue Got Married,1986,1.3003610954382685
personal-best-1982,Personal Best,1982,1.7243381764254502
pet-sematary-2019,Pet Sematary,2019,1.1606574115530486
phantom-thread-2017,Phantom Thread,2017,0.49214827295395563
philadelphia-1993,Philadelphia,1993,0.8189406241806346
pineapple-express-2008,Pineapple Express,2008,-0.19407831791672023
pirates-of-the-caribbean-at-worlds-end-2007,Pirates Of The Caribbean At Worlds End,2007,2.1739104386259545
pirates-of-the-caribbean-dead-mans-chest-2006,Pirates Of The Caribbean Dead Mans Chest,2006,1.499569467736149
pirates-of-the-caribbean-dead-men-tell-no-tales-2017,Pirates Of The Caribbean Dead Men Tell No Tales,2017,1.12915629936644
pirates-of-the-caribbean-on-stranger-tides-2011,Pirates Of The Caribbean On Stranger Tides,2011,-1.1061060778741387
pirates-of-the-caribbean-the-curse-of-the-black-pearl-2003,Pirates Of The Caribbean The Curse Of The Black Pearl,2003,0.363917817477584
pitch-perfect-2-2015,Pitch Perfect 2,2015,1.6854184388424192
pitch-perfect-2012,Pitch Perfect,2012,1.4764621879275643
pixels-2015,Pixels,2015,0.41215080715863506
planes-trains-and-automobiles-1987,Planes Trains And Automobiles,1987,1.6666261313532402
please-give-2010,Please Give,2010,1.2164919818110511
poetic-justice-1993,Poetic Justice,1993,-0.06589230119292414
police-academy-1984,Police Academy,1984,1.855005657510481
police-academy-2-their-first-assignment-1985,Police Academy 2 Their First Assignment,1985,-0.11854326403726813
police-academy-3-back-in-training-1986,Police Academy 3 Back In Training,1986,1.1237151363608053
poltergeist-1982,Poltergeist,1982,0.34802381807985183
poor-things-2023,Poor Things,2023,0.912801168581602
popstar-never-stop-never-stopping-2016,Popstar Never Stop Never Stopping,2016,0.4422130151483602
porkys-1981,Porkys,1981,0.1523615709065177
porkys-revenge-1985,Porkys Revenge,1985,-0.5158243849548076
postcards-from-the-edge-1990,Postcards From The Edge,1990,1.5155389099536356
precious-2009,Precious,2009,0.6553498844395753
predator-1987,Predator,1987,1.1732556322353584
predator-2-1990,Predator 2,1990,-0.3417250620981612
predators-2010,Predators,2010,-0.48785754784673496
pretty-woman-1990,Pretty Woman,1990,-1.293894721025811
prey-2022,Prey,2022,0.823434191596515
primary-colors-1998,Primary Colors,1998,1.952324895435682
prince-of-darkness-1987,Prince Of Darkness,1987,0.1346438006183379
priscilla-2023,Priscilla,2023,0.2724307722342215
prisoners-2013,Prisoners,2013,0.9939642782422644
private-life-2018,Private Life,2018,0.9669813691868918
prometheus-2012,Prometheus,2012,-0.6565250755045916
promising-young-woman-2020,Promising Young Woman,2020,-0.5551808990359313
proof-of-life-2000,Proof Of Life,2000,1.0340219390147387
prophetess-2021,Prophetess,2021,1.2883643755780212
pulp-fiction-1994,Pulp Fiction,1994,-1.016516537791425
punch-drunk-love-2002,Punch Drunk Love,2002,1.1524040739106238
purple-rain-1984,Purple Rain,1984,1.6542976776832674
puzzle-2018,Puzzle,2018,1.5197045519833479
queen-and-slim-2019,Queen And Slim,2019,0.10193360046664132
quiz-show-1994,Quiz Show,1994,-0.4730306638992523
raging-bull-1980,Raging Bull,1980,0.10710413323263406
raiders-of-the-lost-ark-1981,Raiders Of The Lost Ark,1981,-0.3613892298624725
raising-arizona-1987,Raising Arizona,1987,1.6570508279611234
rambo-first-blood-part-ii-1985,Rambo First Blood Part Ii,1985,-0.09765707257384135
rambo-iii-1988,Rambo Iii,1988,-0.05462983161943566
rango-2011,Rango,2011,0.09049025347821163
ratatouille-2007,Ratatouille,2007,0.8218612488472803
raya-and-the-last-dragon-2021,Raya And The Last Dragon,2021,0.7919292419830621
ready-player-one-2018,Ready Player One,2018,0.8069365305599749
reality-bites-1994,Reality Bites,1994,-0.14655221225329104
red-dawn-1984,Red Dawn,1984,0.3346539489314639
red-dragon-2002,Red Dragon,2002,0.6559549137386613
red-eye-2005,Red Eye,2005,1.0731288381563966
red-heat-1988,Red Heat,1988,-0.26559354515103906
red-one-2024,Red One,2024,1.2666987215332253
red-rocket-2021,Red Rocket,2021,-1.290659542338516
red-sparrow-2018,Red Sparrow,2018,-0.43298362438501276
reds-1981,Reds,1981,1.3226733117021552
reign-of-fire-2002,Reign Of Fire,2002,0.3179459336887823
rent-2005,Rent,2005,0.31780524982885466
requiem-for-a-dream-2000,Requiem For A Dream,2000,0.8429161420099247
reservoir-dogs-1992,Reservoir Dogs,1992,-1.4488484084615725
respect-2021,Respect,2021,1.032833115845757
revenge-of-the-nerds-1984,Revenge Of The Nerds,1984,0.16323040486204185
revolutionary-road-2008,Revolutionary Road,2008,-0.3423156873987884
richard-jewell-2019,Richard Jewell,2019,0.16648888888594807
ricky-stanicky-2024,Ricky Stanicky,2024,1.6912547568633571
rise-of-the-planet-of-the-apes-2011,Rise Of The Planet Of The Apes,2011,1.0277323323215415
road-house-1989,Road House,1989,0.7442508575093063
road-to-perdition-2002,Road To Perdition,2002,1.3387158762441427
robocop-1987,Robocop,1987,0.22400812796647893
rocketman-2019,Rocketman,2019,0.5696142091848989
rocky-balboa-2006,Rocky Balboa,2006,1.1900764957459595
rocky-iii-1982,Rocky Iii,1982,0.27256406124644084
rocky-iv-1985,Rocky Iv,1985,0.9772363643293713
rocky-v-1990,Rocky V,1990,0.42209737551803617
roma-2018,Roma,2018,0.7805530619928769
roman-j-israel-esq-2017,Roman J Israel Esq,2017,1.4645813268857828
romancing-the-stone-1984,Romancing The Stone,1984,1.3130754171863317
romeo-must-die-2000,Romeo Must Die,2000,1.7395547631913781
ronin-1998,Ronin,1998,-0.2654052920709048
room-2015,Room,2015,1.4083588788463075
rounders-1998,Rounders,1998,-0.30374892805501397
ruby-sparks-2012,Ruby Sparks,2012,1.1742531181599205
run-2020,Run,2020,0.5418995544238677
runaway-bride-1999,Runaway Bride,1999,1.036146658209125
running-scared-1986,Running Scared,1986,1.0543438027978977
rush-2013,Rush,2013,1.4624306929184385
rush-hour-1998,Rush Hour,1998,0.8212452853439054
rushmore-1998,Rushmore,1998,1.0413145240534094
rust-and-bone-2012,Rust And Bone,2012,0.680293785772927
rustin-2023,Rustin,2023,1.1705116338900388
safety-not-guaranteed-2012,Safety Not Guaranteed,2012,0.14504475812482076
saint-frances-2019,Saint Frances,2019,1.2423425866588726
saltburn-2023,Saltburn,2023,0.8704356869777214
saturday-night-2024,Saturday Night,2024,1.7356463110493854
sausage-party-2016,Sausage Party,2016,0.17734489367605727
saving-mr-banks-2013,Saving Mr Banks,2013,2.036033877620998
saving-private-ryan-1998,Saving Private Ryan,1998,0.7877225607771093
saw-2004,Saw,2004,0.11282829956446194
scanners-1981,Scanners,1981,0.022172824639369426
scarface-1983,Scarface,1983,0.5075199457807019
scary-movie-2-2001,Scary Movie 2,2001,-0.7128686835433138
scary-movie-2000,Scary Movie,2000,-0.18728629018811338
scary-stories-to-tell-in-the-dark-2019,Scary Stories To Tell In The Dark,2019,0.06645153788500698
schindlers-list-1993,Schindlers List,1993,0.5156661903937373
scott-pilgrim-vs-the-world-2010,Scott Pilgrim Vs The World,2010,1.84426149606678
scream-1996,Scream,1996,0.900225644187777
scream-2-1997,Scream 2,1997,-0.6321479828120228
scream-2022,Scream,2022,0.3922266135517254
scream-vi-2023,Scream Vi,2023,2.0513925876418972
scrooged-1988,Scrooged,1988,2.1780334359837514
se7en-1995,Se7En,1995,1.2371183720778873
sea-of-love-1989,Sea Of Love,1989,-0.7953999833428553
searching-2018,Searching,2018,0.4420947555186089
secret-window-2004,Secret Window,2004,1.1590846189943314
selena-1997,Selena,1997,1.552781584986186
selma-2014,Selma,2014,1.6028140768697563
sentimental-value-2025,Sentimental Value,2025,0.7751219234041358
september-5-2024,September 5,2024,-0.8894388533947569
serenity-2005,Serenity,2005,1.0231071645849747
serenity-2019,Serenity,2019,1.513446411931244
severance-2006,Severance,2006,0.11833316901332563
sex-drive-2008,Sex Drive,2008,0.9641167219854814
sex-lies-and-videotape-1989,Sex Lies And Videotape,1989,0.7878200191564529
shakespeare-in-love-1998,Shakespeare In Love,1998,0.8855470291423023
shame-2011,Shame,2011,0.25717549811067375
sharkys-machine-1981,Sharkys Machine,1981,0.3914099788375
shaun-of-the-dead-2004,Shaun Of The Dead,2004,0.9745159448548151
shayda-2023,Shayda,2023,0.7977597162990051
she-said-2022,She Said,2022,0.5969068416981661
sherlock-holmes-2009,Sherlock Holmes,2009,0.6846343286389434
short-term-12-2013,Short Term 12,2013,1.3104617631781967
shortcomings-2023,Shortcomings,2023,1.9104393108316544
showgirls-1995,Showgirls,1995,0.5848319618709108
shrek-2001,Shrek,2001,-1.155143888180292
shrek-the-third-2007,Shrek The Third,2007,1.6260775932641716
shutter-island-2010,Shutter Island,2010,-0.1685030840099655
sicario-2015,Sicario,2015,-1.3144763081735036
sicario-day-of-the-soldado-2018,Sicario Day Of The Soldado,2018,-0.04609728357634177
side-effects-2013,Side Effects,2013,0.7648889170770783
signs-2002,Signs,2002,0.3421434785698003
silence-2016,Silence,2016,0.791903341365894
silkwood-1983,Silkwood,1983,1.034709700538116
silverado-1985,Silverado,1985,0.46107701637545123
sing-2016,Sing,2016,0.6216373353617507
sing-sing-2023,Sing Sing,2023,1.6394970122319217
sing-street-2016,Sing Street,2016,1.309220182714745
sinister-2012,Sinister,2012,-1.482056280019593
sinners-2025,Sinners,2025,0.5419216530121188
sixteen-candles-1984,Sixteen Candles,1984,0.6971445378996532
skyfall-2012,Skyfall,2012,0.07282246639160297
skyscraper-2018,Skyscraper,2018,1.2317048608110142
sleepers-1996,Sleepers,1996,2.3308704251223906
sleepless-in-seattle-1993,Sleepless In Seattle,1993,1.494608950550608
sleepy-hollow-1999,Sleepy Hollow,1999,0.5614744755191338
slender-man-2018,Slender Man,2018,0.610419425071219
sliver-1993,Sliver,1993,0.6778407718418054
snake-eyes-1998,Snake Eyes,1998,0.3838020071147257
snatch-2000,Snatch,2000,-0.6238023913491715
snow-white-and-the-huntsman-2012,Snow White And The Huntsman,2012,1.6595737272575284
snowpiercer-2013,Snowpiercer,2013,-0.5076378110387552
so-i-married-an-axe-murderer-1993,So I Married An Axe Murderer,1993,0.23577032454930483
solaris-2002,Solaris,2002,-0.5526158721262555
something-wicked-this-way-comes-1983,Something Wicked This Way Comes,1983,1.0949294814056982
somethings-gotta-give-2003,Somethings Gotta Give,2003,0.6072712853978092
sorry-baby-2025,Sorry Baby,2025,-0.7042340614980579
sorry-to-bother-you-2018,Sorry To Bother You,2018,1.2321322137985335
soul-2020,Soul,2020,0.7021451131530483
sound-of-metal-2019,Sound Of Metal,2019,1.8789039734854134
space-cowboys-2000,Space Cowboys,2000,1.447935655800759
spaceballs-1987,Spaceballs,1987,0.4832116721849077
spawn-1997,Spawn,1997,1.5484793882792727
spectre-2015,Spectre,2015,-0.8621149518068143
speed-1994,Speed,1994,1.1450590297901326
speed-racer-2008,Speed Racer,2008,0.7438855737448782
spencer-2021,Spencer,2021,0.8631410725723129
spider-man-2-2004,Spider Man 2,2004,-0.3460398948700632
spider-man-2002,Spider Man,2002,0.8131019344416424
spider-man-across-the-spider-verse-2023,Spider Man Across The Spider Verse,2023,0.8442305719152713
spider-man-into-the-spider-verse-2018,Spider Man Into The Spider Verse,2018,1.1841166760851176
spider-man-no-way-home-2021,Spider Man No Way Home,2021,1.2799471672500036
splice-2009,Splice,2009,1.672258776535393
spotlight-2015,Spotlight,2015,1.5233852015638263
spring-breakers-2013,Spring Breakers,2013,1.4511560504406917
spy-kids-2001,Spy Kids,2001,1.839540886046262
stan-and-ollie-2018,Stan And Ollie,2018,0.6123577606405514
stand-by-me-1986,Stand By Me,1986,-1.746420929524453
star-trek-2009,Star Trek,2009,1.2900421251031788
star-trek-first-contact-1996,Star Trek First Contact,1996,0.186619346416538
star-trek-generations-1994,Star Trek Generations,1994,0.9791183584423211
star-trek-ii-the-wrath-of-khan-1982,Star Trek Ii The Wrath Of Khan,1982,0.850424558516753
star-trek-iii-the-search-for-spock-1984,Star Trek Iii The Search For Spock,1984,1.333917419897605
star-trek-insurrection-1998,Star Trek Insurrection,1998,-0.2558886893399628
star-trek-iv-the-voyage-home-1986,Star Trek Iv The Voyage Home,1986,0.9548760051099731
star-trek-nemesis-2002,Star Trek Nemesis,2002,0.45899799700179794
star-trek-v-the-final-frontier-1989,Star Trek V The Final Frontier,1989,1.063932459832897
star-trek-vi-the-undiscovered-country-1991,Star Trek Vi The Undiscovered Country,1991,1.10502229751873
star-wars-episode-i-the-phantom-menace-1999,Star Wars Episode I The Phantom Menace,1999,-0.8440421192599938
star-wars-episode-ii-attack-of-the-clones-2002,Star Wars Episode Ii Attack Of The Clones,2002,1.2395385348771573
star-wars-episode-iii-revenge-of-the-sith-2005,Star Wars Episode Iii Revenge Of The Sith,2005,0.46894804332850776
star-wars-episode-v-the-empire-strikes-back-1980,Star Wars Episode V The Empire Strikes Back,1980,-0.9596665697401948
star-wars-episode-vi-return-of-the-jedi-1983,Star Wars Episode Vi Return Of The Jedi,1983,0.5254663463738303
star-wars-the-force-awakens-2015,Star Wars The Force Awakens,2015,1.7091034702024133
stardust-2007,Stardust,2007,2.0041088418837876
stargate-1994,Stargate,1994,0.26688665998112165
state-of-grace-1990,State Of Grace,1990,-0.2615215732019093
state-of-play-2009,State Of Play,2009,0.8688271853705515
step-brothers-2008,Step Brothers,2008,1.5090043013182357
step-up-2006,Step Up,2006,1.1288629822626686
stepmom-1998,Stepmom,1998,1.911951449132775
steve-jobs-2015,Steve Jobs,2015,0.17898969044177343
stir-of-echoes-1999,Stir Of Echoes,1999,1.5059956030112949
stoker-2013,Stoker,2013,-0.5020175961486848
straight-outta-compton-2015,Straight Outta Compton,2015,-0.4619973315051069
strange-days-1995,Strange Days,1995,0.7002896189693625
stranger-than-fiction-2006,Stranger Than Fiction,2006,1.3643837304629423
strawberry-mansion-2021,Strawberry Mansion,2021,0.986349987199038
street-smart-1987,Street Smart,1987,0.5174028581490691
stuber-2019,Stuber,2019,1.3233289522812144
submarine-2010,Submarine,2010,-1.3885487339764506
suffragette-2015,Suffragette,2015,1.3162009600870335
suicide-squad-2016,Suicide Squad,2016,0.7518307036646787
sully-2016,Sully,2016,0.4673002013803683
sunshine-2007,Sunshine,2007,0.11040581769750768
super-2010,Super,2010,0.9397311801539464
super-8-2011,Super 8,2011,1.6674783858925464
super-dark-times-2017,Super Dark Times,2017,-0.729984677330441
super-mario-bros-1993,Super Mario Bros,1993,1.4034835357437956
superbad-2007,Superbad,2007,0.5830895459168848
surrogates-2009,Surrogates,2009,-0.9490901979579772
suspiria-2018,Suspiria,2018,-5.322879935237834e-05
swan-song-2021,Swan Song,2021,1.1780147369098162
sweeney-todd-the-demon-barber-of-fleet-street-2007,Sweeney Todd The Demon Barber Of Fleet Street,2007,0.6934245221501341
swingers-1996,Swingers,1996,0.41615865618378894
swiss-army-man-2016,Swiss Army Man,2016,0.18573587790806328
synecdoche-new-york-2008,Synecdoche New York,2008,-1.1391009265666208
take-shelter-2011,Take Shelter,2011,0.8254075024650147
talkin-dirty-after-dark-1991,Talkin Dirty After Dark,1991,-0.36326258960189034
talladega-nights-the-ballad-of-ricky-bobby-2006,Talladega Nights The Ballad Of Ricky Bobby,2006,1.0271790100299336
tango-cash-1989,Tango Cash,1989,1.265637184462859
tar-2022,Tar,2022,0.13728344167496917
team-america-world-police-2004,Team America World Police,2004,1.1213759458758332
ted-2012,Ted,2012,1.0080515084017694
teen-wolf-1985,Teen Wolf,1985,1.5985153321512289
teenage-mutant-ninja-turtles-mutant-mayhem-2023,Teenage Mutant Ninja Turtles Mutant Mayhem,2023,0.9197046100747848
tenet-2020,Tenet,2020,0.6855595486386193
tequila-sunrise-1988,Tequila Sunrise,1988,-1.520075481169893
terminator-2-judgment-day-1991,Terminator 2 Judgment Day,1991,1.351514810325448
terminator-genisys-2015,Terminator Genisys,2015,0.28694524282748
terminator-salvation-2009,Terminator Salvation,2009,-0.6213965548017556
terms-of-endearment-1983,Terms Of Endearment,1983,0.5748874019726503
the-40-year-old-virgin-2005,The 40 Year Old Virgin,2005,0.3168847421654179
the-a-team-2010,The A Team,2010,0.26801649329686017
the-abyss-1989,The Abyss,1989,1.8253362380718148
the-accidental-tourist-1988,The Accidental Tourist,1988,0.6840303442507903
the-accountant-2016,The Accountant,2016,1.4487624755032886
the-addams-family-1991,The Addams Family,1991,0.5321223088875372
the-adjustment-bureau-2011,The Adjustment Bureau,2011,1.11898585628462
the-adventures-of-ford-fairlane-1990,The Adventures Of Ford Fairlane,1990,0.7931409964220992
the-adventures-of-tintin-2011,The Adventures Of Tintin,2011,1.3532807753688263
the-american-2010,The American,2010,-0.5379228074217516
the-american-president-1995,The American President,1995,0.7765395656019303
the-apprentice-2024,The Apprentice,2024,1.5403409611526198
the-artist-2011,The Artist,2011,-0.37159334452653603
the-avengers-2012,The Avengers,2012,1.1478613095376284
the-aviator-2004,The Aviator,2004,0.8745237683896134
the-babadook-2014,The Babadook,2014,2.10969376075146
the-babysitter-2017,The Babysitter,2017,-0.5177310102242775
the-ballad-of-buster-scruggs-2018,The Ballad Of Buster Scruggs,2018,0.5747576902977063
the-banshees-of-inisherin-2022,The Banshees Of Inisherin,2022,0.33010487448693404
the-batman-2022,The Batman,2022,1.6626673408184742
the-beach-bum-2019,The Beach Bum,2019,0.7074046199351085
the-beekeeper-2024,The Beekeeper,2024,0.7550025272073047
the-beguiled-2017,The Beguiled,2017,-0.9207657702809744
the-bfg-2016,The Bfg,2016,0.7830416813877572
the-big-chill-1983,The Big Chill,1983,-1.2428513032225297
the-big-easy-1986,The Big Easy,1986,-0.3308821541130286
the-big-lebowski-1998,The Big Lebowski,1998,1.3634449775095137
the-big-short-2015,The Big Short,2015,-0.6437801826301501
the-big-sick-2017,The Big Sick,2017,1.5578920426503378
the-birdcage-1996,The Birdcage,1996,-0.8979780378928808
the-birth-of-a-nation-2016,The Birth Of A Nation,2016,1.233424439334214
the-bling-ring-2013,The Bling Ring,2013,-0.04875787716956906
the-blob-1988,The Blob,1988,0.08689564715329015
the-blues-brothers-1980,The Blues Brothers,1980,0.2121569534084272
the-bodyguard-1992,The Bodyguard,1992,1.514159975009851
the-bonfire-of-the-vanities-1990,The Bonfire Of The Vanities,1990,1.6111733679514633
the-boondock-saints-1999,The Boondock Saints,1999,0.01718655673025677
the-boondock-saints-ii-all-saints-day-2009,The Boondock Saints Ii All Saints Day,2009,1.3475381782199536
the-boss-baby-family-business-2021,The Boss Baby Family Business,2021,0.9516901090134305
the-bourne-identity-2002,The Bourne Identity,2002,0.02321414939702182
the-bourne-supremacy-2004,The Bourne Supremacy,2004,-0.1671260814192949
the-bourne-ultimatum-2007,The Bourne Ultimatum,2007,0.3383517572802462
the-boxtrolls-2014,The Boxtrolls,2014,0.04101506471838051
the-boy-2016,The Boy,2016,-0.0630487289952338
the-brady-bunch-movie-1995,The Brady Bunch Movie,1995,-0.7851594303734796
the-breakfast-club-1985,The Breakfast Club,1985,2.516630711254301
the-brothers-bloom-2008,The Brothers Bloom,2008,1.1488855272096319
the-brutalist-2024,The Brutalist,2024,0.5224198164862983
the-burbs-1989,The Burbs,1989,-1.1598561390445197
the-burial-2023,The Burial,2023,1.2566286551330805
the-cabin-in-the-woods-2012,The Cabin In The Woods,2012,1.924864725901827
the-card-counter-2021,The Card Counter,2021,-0.5117931230500868
the-civil-dead-2022,The Civil Dead,2022,0.3777212559132971
the-color-purple-1985,The Color Purple,1985,1.6911875503501945
the-color-purple-2023,The Color Purple,2023,1.2914284004341843
the-comedian-2016,The Comedian,2016,0.6197045923022628
the-conjuring-2013,The Conjuring,2013,0.11655711412872494
the-cotton-club-1984,The Cotton Club,1984,0.31497411032284706
the-craft-1996,The Craft,1996,0.009807917531472754
the-crow-1994,The Crow,1994,-0.8838826779932439
the-curious-case-of-benjamin-button-2008,The Curious Case Of Benjamin Button,2008,1.1767210423741208
the-cutting-edge-1992,The Cutting Edge,1992,1.6565362345180925
the-danish-girl-2015,The Danish Girl,2015,1.4534520991244055
the-dark-knight-2008,The Dark Knight,2008,-1.0468597999472828
the-dark-knight-rises-2012,The Dark Knight Rises,2012,0.8586519007985771
the-dead-zone-1983,The Dead Zone,1983,-0.42629107104722974
the-departed-2006,The Departed,2006,-0.2049037942210016
the-descendants-2011,The Descendants,2011,1.7908101921088933
the-devil-wears-prada-2006,The Devil Wears Prada,2006,1.8785373079338958
the-devils-advocate-1997,The Devils Advocate,1997,-0.6501424565252856
the-devils-rejects-2005,The Devils Rejects,2005,-0.056800799843713744
the-disaster-artist-2017,The Disaster Artist,2017,1.8481502765084628
the-double-2013,The Double,2013,0.6155918217100768
the-edge-of-seventeen-2016,The Edge Of Seventeen,2016,1.556081432774613
the-electrical-life-of-louis-wain-2021,The Electrical Life Of Louis Wain,2021,1.527981333166351
the-entity-1982,The Entity,1982,1.5045726551664607
the-evil-dead-1981,The Evil Dead,1981,0.394043645422434
the-exorcist-iii-1990,The Exorcist Iii,1990,-0.48206815399093583
the-expendables-2010,The Expendables,2010,0.8451645831453173
the-fabelmans-2022,The Fabelmans,2022,0.8487587745704005
the-faculty-1998,The Faculty,1998,0.5759836580339524
the-farewell-2019,The Farewell,2019,0.7008341995698463
the-fast-and-the-furious-2001,The Fast And The Furious,2001,1.684757412935737
the-father-2020,The Father,2020,0.7694342861422825
the-fault-in-our-stars-2014,The Fault In Our Stars,2014,0.35644013707012967
the-favourite-2018,The Favourite,2018,-1.3966592540820582
the-fifth-element-1997,The Fifth Element,1997,-0.57466420580479
the-firm-1993,The Firm,1993,-0.17582481120294324
the-florida-project-2017,The Florida Project,2017,0.962099925823125
the-fly-1986,The Fly,1986,0.9899034036988659
the-fly-ii-1989,The Fly Ii,1989,-0.2010372317393535
the-fog-1980,The Fog,1980,-0.5349841962106683
the-founder-2016,The Founder,2016,1.2530768062632973
the-fourth-kind-2009,The Fourth Kind,2009,1.1455578577909329
the-french-dispatch-2021,The French Dispatch,2021,-0.501147620759893
the-frighteners-1996,The Frighteners,1996,1.7073388096840096
the-front-runner-2018,The Front Runner,2018,0.1839580084100197
the-gambler-2014,The Gambler,2014,-0.2840551338996578
the-gentlemen-2019,The Gentlemen,2019,-0.6866410200777591
the-girl-on-the-train-2016,The Girl On The Train,2016,-0.14971811581040595
the-girl-with-the-dragon-tattoo-2011,The Girl With The Dragon Tattoo,2011,-0.9226520726261819
the-godfather-part-iii-1990,The Godfather Part Iii,1990,1.1791120725848991
the-good-dinosaur-2015,The Good Dinosaur,2015,0.7901976098092898
the-good-nurse-2022,The Good Nurse,2022,0.3357613993346654
the-good-shepherd-2006,The Good Shepherd,2006,-2.242035604899701
the-goonies-1985,The Goonies,1985,0.8486965374662034
the-grand-budapest-hotel-2014,The Grand Budapest Hotel,2014,0.37282912263053086
the-great-muppet-caper-1981,The Great Muppet Caper,1981,0.494423606009311
the-greatest-showman-2017,The Greatest Showman,2017,1.6048924693549989
the-grudge-2004,The Grudge,2004,0.8944594486935696
the-grudge-2019,The Grudge,2019,1.2701097659001301
the-guest-2014,The Guest,2014,0.5703193107355919
the-hand-of-god-2021,The Hand Of God,2021,0.30871322785994676
the-hangover-2009,The Hangover,2009,1.5572431990240718
the-happy-prince-2018,The Happy Prince,2018,0.25031262666786774
the-harder-they-fall-2021,The Harder They Fall,2021,0.074360676434029
the-hate-u-give-2018,The Hate U Give,2018,0.48630270308545465
the-hateful-eight-2015,The Hateful Eight,2015,-0.2585452924043913
the-haunted-mansion-2003,The Haunted Mansion,2003,1.291346190382798
the-help-2011,The Help,2011,0.2310059425900758
the-hitcher-1986,The Hitcher,1986,1.2133853139966138
the-hitchhikers-guide-to-the-galaxy-2005,The Hitchhikers Guide To The Galaxy,2005,1.2229558552816941
the-hitmans-bodyguard-2017,The Hitmans Bodyguard,2017,0.6455541658576878
the-hobbit-an-unexpected-journey-2012,The Hobbit An Unexpected Journey,2012,1.1450975295426855
the-hobbit-the-desolation-of-smaug-2013,The Hobbit The Desolation Of Smaug,2013,0.13129977269238624
the-holdovers-2023,The Holdovers,2023,0.3378864122735126
the-hole-2009,The Hole,2009,1.9798143209834
the-holiday-2006,The Holiday,2006,0.6704799092062093
the-hollars-2016,The Hollars,2016,1.004394886662975
the-hours-2002,The Hours,2002,0.32945845463187584
the-howling-1981,The Howling,1981,0.05538868111680745
the-humans-2021,The Humans,2021,-1.63022349781972
the-hummingbird-project-2018,The Hummingbird Project,2018,1.2972113525784132
the-hunger-games-2012,The Hunger Games,2012,1.7373239831953997
the-hunger-games-catching-fire-2013,The Hunger Games Catching Fire,2013,-1.7916005538151636
the-hurt-locker-2008,The Hurt Locker,2008,0.3220009993508425
the-imaginarium-of-doctor-parnassus-2009,The Imaginarium Of Doctor Parnassus,2009,0.19734591346752783
the-imitation-game-2014,The Imitation Game,2014,1.6187027243352579
the-incredible-burt-wonderstone-2013,The Incredible Burt Wonderstone,2013,0.12048116644190873
the-incredible-hulk-2008,The Incredible Hulk,2008,-0.6942143631780285
the-incredibles-2004,The Incredibles,2004,0.18017225832225675
the-informant-2009,The Informant,2009,1.444049580301046
the-internship-2013,The Internship,2013,0.17153672715389665
the-interpreter-2005,The Interpreter,2005,1.5874636719995008
the-interview-2014,The Interview,2014,-0.5883034599926735
the-invisible-woman-2013,The Invisible Woman,2013,0.2604422539330327
the-invitation-2015,The Invitation,2015,0.9064481490883607
the-irishman-2019,The Irishman,2019,0.2718187425922537
the-iron-claw-2023,The Iron Claw,2023,0.37736243114037676
the-iron-giant-1999,The Iron Giant,1999,1.7317210794083127
the-island-of-dr-moreau-1996,The Island Of Dr Moreau,1996,1.7241505807118804
the-jewel-of-the-nile-1985,The Jewel Of The Nile,1985,1.3840919556628797
the-karate-kid-1984,The Karate Kid,1984,1.5017159590081606
the-karate-kid-part-ii-1986,The Karate Kid Part Ii,1986,0.9071911735844003
the-karate-kid-part-iii-1989,The Karate Kid Part Iii,1989,2.16254577821093
the-kids-are-all-right-2010,The Kids Are All Right,2010,0.5848251790122357
the-killer-2023,The Killer,2023,0.8234322543673895
the-killing-of-a-sacred-deer-2017,The Killing Of A Sacred Deer,2017,-0.48687422945472314
the-king-2019,The King,2019,-0.07382452496071898
the-king-of-comedy-1982,The King Of Comedy,1982,0.07138899837111434
the-kings-of-summer-2013,The Kings Of Summer,2013,0.32062222771103466
the-kings-speech-2010,The Kings Speech,2010,1.9783366846853943
the-last-boy-scout-1991,The Last Boy Scout,1991,1.6856012813419572
the-last-castle-2001,The Last Castle,2001,-0.8767181115437606
the-last-station-2009,The Last Station,2009,1.2143576221848873
the-last-temptation-of-christ-1988,The Last Temptation Of Christ,1988,-1.1279266836686168
the-legend-of-zorro-2005,The Legend Of Zorro,2005,0.7627562736431
the-lego-movie-2014,The Lego Movie,2014,1.5814347664658137
the-lighthouse-2019,The Lighthouse,2019,0.4619602825840874
the-lincoln-lawyer-2011,The Lincoln Lawyer,2011,-0.4186338109228671
the-lion-king-1994,The Lion King,1994,0.9156877027263377
the-little-mermaid-1989,The Little Mermaid,1989,-0.45840924012318646
the-lobster-2015,The Lobster,2015,1.4084582608799174
the-lone-ranger-2013,The Lone Ranger,2013,1.1875098819075895
the-long-kiss-goodnight-1996,The Long Kiss Goodnight,1996,-0.6266888005966917
the-long-walk-2025,The Long Walk,2025,1.316863126410285
the-lorax-2012,The Lorax,2012,0.5254283350547997
the-lord-of-the-rings-the-fellowship-of-the-ring-2001,The Lord Of The Rings The Fellowship Of The Ring,2001,0.8700529787506949
the-lord-of-the-rings-the-return-of-the-king-2003,The Lord Of The Rings The Return Of The King,2003,1.6146960846126532
the-lord-of-the-rings-the-two-towers-2002,The Lord Of The Rings The Two Towers,2002,0.11149727756779404
the-lost-boys-1987,The Lost Boys,1987,0.2881489765406507
the-lost-city-of-z-2017,The Lost City Of Z,2017,0.9601713068431323
the-lost-daughter-2021,The Lost Daughter,2021,-0.2506919073351849
the-lost-world-jurassic-park-1997,The Lost World Jurassic Park,1997,1.913142471578517
the-lunchbox-2013,The Lunchbox,2013,1.2653866669625649
the-majestic-2001,The Majestic,2001,-0.8134063239069719
the-man-from-uncle-2015,The Man From Uncle,2015,-0.1635082797716666
the-man-who-invented-christmas-2017,The Man Who Invented Christmas,2017,1.8979807339526773
the-manchurian-candidate-2004,The Manchurian Candidate,2004,0.5996996289465863
the-martian-2015,The Martian,2015,2.0629492367956916
the-mask-1994,The Mask,1994,-0.41667840025860803
the-mask-of-zorro-1998,The Mask Of Zorro,1998,0.9766615825794124
the-master-2012,The Master,2012,1.4476040665439938
the-matador-2005,The Matador,2005,1.5211793761375345
the-matrix-1999,The Matrix,1999,1.7273437718923716
the-matrix-reloaded-2003,The Matrix Reloaded,2003,0.6641630912341323
the-matrix-revolutions-2003,The Matrix Revolutions,2003,0.9168640275404486
the-maze-runner-2014,The Maze Runner,2014,0.6690118893519591
the-meddler-2016,The Meddler,2016,1.115513980074565
the-meg-2018,The Meg,2018,0.2840290565307253
the-men-who-stare-at-goats-2009,The Men Who Stare At Goats,2009,0.7529688767035315
the-menu-2022,The Menu,2022,0.570597146789673
the-midnight-sky-2020,The Midnight Sky,2020,1.5938826358731868
the-mighty-ducks-1992,The Mighty Ducks,1992,1.5193505415644624
the-miracle-club-2023,The Miracle Club,2023,0.40978138439766304
the-mitchells-vs-the-machines-2021,The Mitchells Vs The Machines,2021,2.0324973003562965
the-mother-2023,The Mother,2023,1.397830664282055
the-mummy-1999,The Mummy,1999,0.7461991375092654
the-mummy-2017,The Mummy,2017,0.22187215790430054
the-mummy-returns-2001,The Mummy Returns,2001,1.021909398079943
the-mummy-tomb-of-the-dragon-emperor-2008,The Mummy Tomb Of The Dragon Emperor,2008,0.25611558610209867
the-naked-gun-2-the-smell-of-fear-1991,The Naked Gun 2 The Smell Of Fear,1991,0.9675958422484764
the-naked-gun-from-the-files-of-police-squad-1988,The Naked Gun From The Files Of Police Squad,1988,1.1205152519222605
the-neon-demon-2016,The Neon Demon,2016,-0.02811107894473508
the-nice-guys-2016,The Nice Guys,2016,-1.4519058143954493
the-nightmare-before-christmas-1993,The Nightmare Before Christmas,1993,0.20418494424528016
the-nines-2007,The Nines,2007,1.3165168531432578
the-northman-2022,The Northman,2022,0.282328883905826
the-nun-2018,The Nun,2018,-0.6523505683117108
the-nutty-professor-1996,The Nutty Professor,1996,0.5244513928196279
the-old-man-and-the-gun-2018,The Old Man And The Gun,2018,-0.29569667017493617
the-other-guys-2010,The Other Guys,2010,-1.6990781698863273
the-other-side-of-the-wind-2018,The Other Side Of The Wind,2018,-1.5772323539172206
the-others-2001,The Others,2001,0.0361465305138261
the-outrun-2024,The Outrun,2024,1.5352362735159204
the-outsiders-1983,The Outsiders,1983,0.055858261340013905
the-passion-of-the-christ-2004,The Passion Of The Christ,2004,1.7599827444893603
the-peanut-butter-falcon-2019,The Peanut Butter Falcon,2019,0.8484668476224752
the-pelican-brief-1993,The Pelican Brief,1993,0.7596864751658593
the-perfect-storm-2000,The Perfect Storm,2000,1.5342955547280541
the-perks-of-being-a-wallflower-2012,The Perks Of Being A Wallflower,2012,1.0274546021342852
the-persian-version-2023,The Persian Version,2023,1.481808695187274
the-phantom-1996,The Phantom,1996,1.3057714635811484
the-phantom-of-the-opera-2004,The Phantom Of The Opera,2004,-0.5484419203031791
the-place-beyond-the-pines-2012,The Place Beyond The Pines,2012,0.4666327541908512
the-player-1992,The Player,1992,1.3742432836836982
the-post-2017,The Post,2017,2.1633901287488517
the-power-of-the-dog-2021,The Power Of The Dog,2021,1.1079847589644078
the-predator-2018,The Predator,2018,0.9394839492666052
the-prestige-2006,The Prestige,2006,-1.433274779464377
the-princess-bride-1987,The Princess Bride,1987,1.0559472041399252
the-proposal-2009,The Proposal,2009,0.3987512279178743
the-purge-2013,The Purge,2013,0.9507970866225299
the-pursuit-of-happyness-2006,The Pursuit Of Happyness,2006,1.9032777337733524
the-red-turtle-2016,The Red Turtle,2016,0.7931215683741936
the-return-of-the-living-dead-1985,The Return Of The Living Dead,1985,1.4638266683778336
the-revenant-2015,The Revenant,2015,-0.5286363601849313
the-rider-2018,The Rider,2018,1.4567100920058262
the-ring-2002,The Ring,2002,-0.38031639710255316
the-road-warrior-1981,The Road Warrior,1981,0.20705389612031128
the-rock-1996,The Rock,1996,0.722948229018468
the-rocketeer-1991,The Rocketeer,1991,1.5342882423202377
the-rookie-2002,The Rookie,2002,1.3816524898574802
the-room-2003,The Room,2003,-1.4538566582877155
the-room-next-door-2024,The Room Next Door,2024,1.1251640670640595
the-rover-2014,The Rover,2014,0.09560167693982087
the-royal-tenenbaums-2001,The Royal Tenenbaums,2001,1.4864693435679102
the-rum-diary-2011,The Rum Diary,2011,-0.6868977630100968
the-sandlot-1993,The Sandlot,1993,1.2271427902418457
the-santa-clause-1994,The Santa Clause,1994,1.052057676881541
the-savages-2007,The Savages,2007,1.501415662608041
the-secret-life-of-pets-2016,The Secret Life Of Pets,2016,1.5220330848435457
the-secret-life-of-walter-mitty-2013,The Secret Life Of Walter Mitty,2013,1.3452641728860633
the-sessions-2012,The Sessions,2012,1.3953311145455225
the-shape-of-water-2017,The Shape Of Water,2017,-0.7902726071795462
the-shawshank-redemption-1994,The Shawshank Redemption,1994,1.5376932834618564
the-shining-1980,The Shining,1980,-1.397533155441748
the-silence-of-the-lambs-1991,The Silence Of The Lambs,1991,2.1344293327707833
the-sisters-brothers-2018,The Sisters Brothers,2018,1.903032507903832
the-sixth-sense-1999,The Sixth Sense,1999,0.8615375767417736
the-skeleton-key-2005,The Skeleton Key,2005,2.0336890195160686
the-social-network-2010,The Social Network,2010,-1.7439151488175
the-son-2022,The Son,2022,1.6484054493300584
the-song-of-names-2019,The Song Of Names,2019,1.3551991353853956
the-spy-who-dumped-me-2018,The Spy Who Dumped Me,2018,1.6047475614521902
the-squid-and-the-whale-2005,The Squid And The Whale,2005,0.19892737800309285
the-substance-2024,The Substance,2024,-1.4317198029650355
the-sun-is-also-a-star-2019,The Sun Is Also A Star,2019,1.742015087986542
the-super-1991,The Super,1991,0.17573627699814004
the-talented-mr-ripley-1999,The Talented Mr Ripley,1999,-1.0486772942196372
the-teachers-lounge-2023,The Teachers Lounge,2023,1.603325683641204
the-tender-bar-2021,The Tender Bar,2021,0.8843247159355598
the-terminator-1984,The Terminator,1984,1.4239850255509905
the-theory-of-everything-2015,The Theory Of Everything,2015,0.3817156141200102
the-thin-red-line-1998,The Thin Red Line,1998,1.1702145658144207
the-thing-1982,The Thing,1982,0.6690039478822847
the-thomas-crown-affair-1999,The Thomas Crown Affair,1999,0.7516827256709998
the-tomorrow-war-2021,The Tomorrow War,2021,1.5402854725077681
the-town-2010,The Town,2010,-0.8534018650003914
the-toy-1982,The Toy,1982,0.328600534565355
the-tragedy-of-macbeth-2021,The Tragedy Of Macbeth,2021,0.8941596614818755
the-tree-of-life-2011,The Tree Of Life,2011,1.2054653635284673
the-trial-of-the-chicago-7-2020,The Trial Of The Chicago 7,2020,-0.0818175187253471
the-truman-show-1998,The Truman Show,1998,1.5858483513037007
the-two-jakes-1990,The Two Jakes,1990,-1.4085828549206019
the-two-popes-2019,The Two Popes,2019,0.1592755639229087
the-unborn-2009,The Unborn,2009,0.0347316342803374
the-usual-suspects-1995,The Usual Suspects,1995,0.16544391622280574
the-verdict-1982,The Verdict,1982,0.2504488841570161
the-war-of-the-roses-1989,The War Of The Roses,1989,-0.6632544702708005
the-way-back-2020,The Way Back,2020,1.3209656093759752
the-wedding-singer-1998,The Wedding Singer,1998,1.0386425973750915
the-whale-2022,The Whale,2022,-0.29783831646956405
the-white-ribbon-2009,The White Ribbon,2009,-0.36452185176659224
the-white-tiger-2021,The White Tiger,2021,1.982823227289511
the-wife-2018,The Wife,2018,-1.1527671876120549
the-wild-robot-2024,The Wild Robot,2024,1.3408248413343509
the-witch-2016,The Witch,2016,0.7310199718008522
the-witches-1990,The Witches,1990,1.7617905433557075
the-wolf-of-wall-street-2013,The Wolf Of Wall Street,2013,0.7677352783619596
the-wolverine-2013,The Wolverine,2013,0.7163334080476248
the-woman-king-2022,The Woman King,2022,0.18846671820680477
the-world-is-not-enough-1999,The World Is Not Enough,1999,0.9964436224672786
the-worlds-end-2013,The Worlds End,2013,0.8636687454310839
the-x-files-1998,The X Files,1998,1.42431982390355
the-zone-of-interest-2023,The Zone Of Interest,2023,-1.2964262408227116
thelma-and-louise-1991,Thelma And Louise,1991,1.2457840364547277
there-will-be-blood-2007,There Will Be Blood,2007,-1.644673799855887
they-live-1988,They Live,1988,1.4894653170544163
thir13en-ghosts-2001,Thir13En Ghosts,2001,1.6743630376602294
thirteen-2003,Thirteen,2003,-1.2084281828588568
thirteen-lives-2022,Thirteen Lives,2022,1.4741367026973518
this-boys-life-1993,This Boys Life,1993,0.36501679313079904
this-is-40-2012,This Is 40,2012,1.278624046671358
thor-2011,Thor,2011,0.615453626500978
thor-ragnarok-2017,Thor Ragnarok,2017,0.6980168037148746
thoroughbreds-2018,Thoroughbreds,2018,-0.20924492333309963
those-who-walk-away-2022,Those Who Walk Away,2022,-1.6842827052641736
three-amigos-1986,Three Amigos,1986,0.6751210658578537
three-billboards-outside-ebbing-missouri-2017,Three Billboards Outside Ebbing Missouri,2017,-0.4011522628504097
three-kings-1999,Three Kings,1999,0.4926230714680692
three-thousand-years-of-longing-2022,Three Thousand Years Of Longing,2022,1.02985828248535
tick-tick-boom-2021,Tick Tick Boom,2021,1.5121116118215108
till-2022,Till,2022,0.7518978841965351
tin-men-1987,Tin Men,1987,-0.2880650165343953
tinker-tailor-soldier-spy-2011,Tinker Tailor Soldier Spy,2011,-0.746060925450069
titanic-1997,Titanic,1997,0.6652910811433195
to-all-the-boys-ive-loved-before-2018,To All The Boys Ive Loved Before,2018,1.2975184735719028
to-catch-a-killer-2023,To Catch A Killer,2023,1.8063263662002937
to-wong-foo-thanks-for-everything-julie-newmar-1995,To Wong Foo Thanks For Everything Julie Newmar,1995,1.4553897199587422
tomorrow-never-dies-1997,Tomorrow Never Dies,1997,-0.38213217262501803
toni-erdmann-2016,Toni Erdmann,2016,0.06552765762132193
tootsie-1982,Tootsie,1982,-0.4922679918316457
top-gun-1986,Top Gun,1986,1.343461665737447
top-gun-maverick-2022,Top Gun Maverick,2022,-0.24196587911891518
total-recall-1990,Total Recall,1990,1.3587573115827378
totem-2017,Totem,2017,0.13921491051872475
tough-guys-1985,Tough Guys,1985,1.6607328186279458
tower-block-2012,Tower Block,2012,0.8805366622302476
toy-story-1995,Toy Story,1995,1.0414257729886311
toy-story-2-1999,Toy Story 2,1999,1.23735568878579
toy-story-3-2010,Toy Story 3,2010,1.7742865026983297
toy-story-4-2019,Toy Story 4,2019,0.9513401456158611
train-dreams-2025,Train Dreams,2025,-0.007185601824108878
training-day-2001,Training Day,2001,-1.7865716764007809
trainwreck-2015,Trainwreck,2015,0.3536651510120194
transcendence-2014,Transcendence,2014,0.5205216360495278
transformers-2007,Transformers,2007,1.5570516090731275
tremors-1990,Tremors,1990,-0.614437127460221
triangle-of-sadness-2022,Triangle Of Sadness,2022,0.6433257773001478
trick-r-treat-2007,Trick R Treat,2007,-0.1900010623015035
tron-legacy-2010,Tron Legacy,2010,0.1687286020012288
true-grit-2010,True Grit,2010,0.542630372980316
true-lies-1994,True Lies,1994,1.5808237295112781
true-romance-1993,True Romance,1993,0.8403907394333743
trumbo-2015,Trumbo,2015,0.50305028037384
tucker-and-dale-vs-evil-2010,Tucker And Dale Vs Evil,2010,1.1606979686411951
tully-2018,Tully,2018,1.1557129707502363
tusk-2014,Tusk,2014,0.21515256989746723
twelve-monkeys-1995,Twelve Monkeys,1995,1.0797352460691305
twilight-2008,Twilight,2008,0.8548767957999923
twin-peaks-fire-walk-with-me-1992,Twin Peaks Fire Walk With Me,1992,0.5722668409418962
twins-1988,Twins,1988,0.7444265171123171
unbreakable-2000,Unbreakable,2000,0.5371951981763005
uncle-buck-1989,Uncle Buck,1989,1.3781446359773852
uncut-gems-2019,Uncut Gems,2019,0.44718434176231436
under-siege-1992,Under Siege,1992,1.1822535173174207
under-the-silver-lake-2018,Under The Silver Lake,2018,-0.49521522064950285
underwater-2020,Underwater,2020,0.00022962878323571373
underworld-2003,Underworld,2003,-0.02839667195337167
unforgiven-1992,Unforgiven,1992,1.3069235184062558
up-2009,Up,2009,1.0451103677272948
up-in-the-air-2009,Up In The Air,2009,-0.3195824673632447
upgrade-2018,Upgrade,2018,-1.797702149437273
upstream-color-2013,Upstream Color,2013,1.0568725937929293
us-2019,Us,2019,1.546965337056377
v-for-vendetta-2006,V For Vendetta,2006,1.2811677670555655
vacancy-2007,Vacancy,2007,1.4282105858957947
vacation-2015,Vacation,2015,0.4642868448533247
van-helsing-2004,Van Helsing,2004,1.1136480800799355
vanilla-sky-2001,Vanilla Sky,2001,0.6372449919325932
velvet-buzzsaw-2019,Velvet Buzzsaw,2019,0.38228718274174833
vengeance-2022,Vengeance,2022,-0.8670200353050738
vice-2018,Vice,2018,-0.043822889161001057
victor-frankenstein-2015,Victor Frankenstein,2015,1.0943953498521508
victoria-and-abdul-2017,Victoria And Abdul,2017,1.7394518143882034
virgin-suicides-1999,Virgin Suicides,1999,-0.9710158072060957
vox-lux-2018,Vox Lux,2018,0.5899959531088054
wadjda-2012,Wadjda,2012,1.2757344928240042
walk-hard-the-dewey-cox-story-2007,Walk Hard The Dewey Cox Story,2007,0.46248394658159125
wall-e-2008,Wall E,2008,0.8084042550547423
wall-street-1987,Wall Street,1987,-0.42969850706144597
wanted-2008,Wanted,2008,0.4584158165698588
war-for-the-planet-of-the-apes-2017,War For The Planet Of The Apes,2017,1.0340513868923396
war-of-the-worlds-2005,War Of The Worlds,2005,0.3537616164015664
warcraft-2016,Warcraft,2016,-0.3810616659998871
warrior-2011,Warrior,2011,0.2713508106397497
watchmen-2009,Watchmen,2009,0.647010171795362
waves-2019,Waves,2019,1.5059669114714676
we-need-to-talk-about-kevin-2011,We Need To Talk About Kevin,2011,-0.3891402721205784
wedding-crashers-2005,Wedding Crashers,2005,0.5272454752332287
weird-science-1985,Weird Science,1985,1.4967071781738923
weird-the-al-yankovic-story-2022,Weird The Al Yankovic Story,2022,1.3040638145606538
were-no-angels-1989,Were No Angels,1989,0.8749171322285196
west-side-story-2021,West Side Story,2021,0.3418230369094881
what-dreams-may-come-1998,What Dreams May Come,1998,1.0289608655899694
what-lies-beneath-2000,What Lies Beneath,2000,0.3274602894906709
what-they-had-2018,What They Had,2018,1.3391755941472274
when-harry-met-sally-1989,When Harry Met Sally,1989,0.6814956458284855
where-the-day-takes-you-1992,Where The Day Takes You,1992,-1.3395452788972673
where-the-wild-things-are-2009,Where The Wild Things Are,2009,0.4678801672792736
while-you-were-sleeping-1995,While You Were Sleeping,1995,1.166929356840707
whiplash-2014,Whiplash,2014,1.7833901927752636
white-noise-2022,White Noise,2022,-0.9372991880955059
whitney-houston-i-wanna-dance-with-somebody-2022,Whitney Houston I Wanna Dance With Somebody,2022,0.47800743900209636
who-framed-roger-rabbit-1988,Who Framed Roger Rabbit,1988,1.6399323071902527
wicked-2024,Wicked,2024,-0.9793022263906266
wild-2014,Wild,2014,1.1753185875278034
wild-at-heart-1990,Wild At Heart,1990,0.8365246666321264
wildlife-2018,Wildlife,2018,1.9665492354241336
wind-river-2017,Wind River,2017,-0.794555484875809
winters-tale-2014,Winters Tale,2014,1.6176223703225645
wise-guys-1986,Wise Guys,1986,2.180076440819416
witness-1985,Witness,1985,0.2827091219736686
woman-in-gold-2015,Woman In Gold,2015,2.1171582691186543
women-talking-2022,Women Talking,2022,-0.922440542839917
wonder-boys-2000,Wonder Boys,2000,1.8076407985226237
wonder-woman-2017,Wonder Woman,2017,0.2720829609989338
wonka-2023,Wonka,2023,1.0501699661301078
work-it-2020,Work It,2020,0.3354657222821016
working-girl-1988,Working Girl,1988,0.04461412599986675
wrongfully-accused-1998,Wrongfully Accused,1998,0.35929290113052403
x-men-2000,X Men,2000,1.535501100294854
x-men-days-of-future-past-2014,X Men Days Of Future Past,2014,0.8860524417879412
x2-x-men-united-2003,X2 X Men United,2003,-1.4055172568404553
xxx-2002,Xxx,2002,0.9383427255400312
you-were-never-really-here-2017,You Were Never Really Here,2017,1.792052190783732
young-adult-2011,Young Adult,2011,0.00870538317698577
young-guns-1988,Young Guns,1988,0.1060666152464032
youre-next-2011,Youre Next,2011,-1.7635966438127362
youth-in-revolt-2009,Youth In Revolt,2009,1.299690193195811
zathura-a-space-adventure-2005,Zathura A Space Adventure,2005,-0.6284632896241049
zebra-girl-2021,Zebra Girl,2021,-0.5884370337015139
zero-dark-thirty-2012,Zero Dark Thirty,2012,1.6460271036673444
zodiac-2007,Zodiac,2007,1.845277694915263
zombieland-2009,Zombieland,2009,1.7235432616074196
zombieland-double-tap-2019,Zombieland Double Tap,2019,2.011272000534036
zootopia-2016,Zootopia,2016,-0.6134131001124449
